hindi_video_title,hind_video_links,speaker_names
yourtalk_video_1,https://www.youtube.com/watch?v=olQjQWzo1M4,yourtalk_speaker_1
yourtalk_video_2,https://www.youtube.com/watch?v=704FNXPetFU,yourtalk_speaker_2
yourtalk_video_3,https://www.youtube.com/watch?v=JEiARjVaAhk,yourtalk_speaker_3
yourtalk_video_4,https://www.youtube.com/watch?v=ADEGJE2Q2zk,yourtalk_speaker_4
yourtalk_video_5,https://www.youtube.com/watch?v=uuZzc5iMMBc,yourtalk_speaker_5
yourtalk_video_6,https://www.youtube.com/watch?v=8Em4I37VPr4,yourtalk_speaker_6
yourtalk_video_7,https://www.youtube.com/watch?v=UbO6R_yX3t4,yourtalk_speaker_7
yourtalk_video_8,https://www.youtube.com/watch?v=vDZJi-SiNyU,yourtalk_speaker_8
yourtalk_video_9,https://www.youtube.com/watch?v=8vVqD5U7qNw,yourtalk_speaker_9
yourtalk_video_10,https://www.youtube.com/watch?v=8UU-ZHGFYN8,yourtalk_speaker_10
yourtalk_video_11,https://www.youtube.com/watch?v=RhM0VNLYnL8,yourtalk_speaker_11
yourtalk_video_12,https://www.youtube.com/watch?v=vI6s8DEKGGo,yourtalk_speaker_12
yourtalk_video_13,https://www.youtube.com/watch?v=LKYPMJcB-v4,yourtalk_speaker_13
yourtalk_video_14,https://www.youtube.com/watch?v=rr4gEkVp-qE,yourtalk_speaker_14
yourtalk_video_15,https://www.youtube.com/watch?v=3PmISQBSryc,yourtalk_speaker_15
yourtalk_video_16,https://www.youtube.com/watch?v=_SQiUYnlkg0,yourtalk_speaker_16
yourtalk_video_17,https://www.youtube.com/watch?v=ES77PV1StxU,yourtalk_speaker_17
yourtalk_video_18,https://www.youtube.com/watch?v=3AnhIrFaz1Q,yourtalk_speaker_18
yourtalk_video_19,https://www.youtube.com/watch?v=uhbxB1vZ1sA,yourtalk_speaker_19
yourtalk_video_20,https://www.youtube.com/watch?v=pc722VhsZRw,yourtalk_speaker_20
yourtalk_video_21,https://www.youtube.com/watch?v=5U7m5uzWSD4,yourtalk_speaker_21
yourtalk_video_22,https://www.youtube.com/watch?v=d9fAoq-TBnY,yourtalk_speaker_22
yourtalk_video_23,https://www.youtube.com/watch?v=p_x0fxDPMQ4,yourtalk_speaker_23
yourtalk_video_24,https://www.youtube.com/watch?v=_jjcabpyLEw,yourtalk_speaker_24
yourtalk_video_25,https://www.youtube.com/watch?v=IngwAbewDk8,yourtalk_speaker_25
yourtalk_video_26,https://www.youtube.com/watch?v=RU-y-dU8ToQ,yourtalk_speaker_26
yourtalk_video_27,https://www.youtube.com/watch?v=kUa80kS4Oo4,yourtalk_speaker_27
yourtalk_video_28,https://www.youtube.com/watch?v=TzxWRS7Cq6w,yourtalk_speaker_28
yourtalk_video_29,https://www.youtube.com/watch?v=Vmp8DP9pHes,yourtalk_speaker_29
yourtalk_video_30,https://www.youtube.com/watch?v=sEUCgO9hFZg,yourtalk_speaker_30
yourtalk_video_31,https://www.youtube.com/watch?v=kQgOvqXVhRw,yourtalk_speaker_31
yourtalk_video_32,https://www.youtube.com/watch?v=P5HlYFMvEUs,yourtalk_speaker_32
yourtalk_video_33,https://www.youtube.com/watch?v=ZYpxhTs0cYg,yourtalk_speaker_33
yourtalk_video_34,https://www.youtube.com/watch?v=ZTm99JLE2_8,yourtalk_speaker_34
yourtalk_video_35,https://www.youtube.com/watch?v=qdDa9y9uUXc,yourtalk_speaker_35
yourtalk_video_36,https://www.youtube.com/watch?v=txB0EklsgvA,yourtalk_speaker_36
yourtalk_video_37,https://www.youtube.com/watch?v=9L6ohpnkLwQ,yourtalk_speaker_37
yourtalk_video_38,https://www.youtube.com/watch?v=-eOsZ8vCs0A,yourtalk_speaker_38
yourtalk_video_39,https://www.youtube.com/watch?v=U6V4juNWldw,yourtalk_speaker_39
yourtalk_video_40,https://www.youtube.com/watch?v=X5JdPPHRiuQ,yourtalk_speaker_40
yourtalk_video_41,https://www.youtube.com/watch?v=02EJotcPWXs,yourtalk_speaker_41
yourtalk_video_42,https://www.youtube.com/watch?v=B-Yeu9iXfts,yourtalk_speaker_42
yourtalk_video_43,https://www.youtube.com/watch?v=bUydwJIIiR0,yourtalk_speaker_43
yourtalk_video_44,https://www.youtube.com/watch?v=7BaFwcmyLbo,yourtalk_speaker_44
yourtalk_video_45,https://www.youtube.com/watch?v=NZ_X90cbM1Q,yourtalk_speaker_45
yourtalk_video_46,https://www.youtube.com/watch?v=5S7ecJXDTww,yourtalk_speaker_46
yourtalk_video_47,https://www.youtube.com/watch?v=UaYosXmksh8,yourtalk_speaker_47
yourtalk_video_48,https://www.youtube.com/watch?v=TX-ZXyjflE0,yourtalk_speaker_48
yourtalk_video_49,https://www.youtube.com/watch?v=04BpaOyNexw,yourtalk_speaker_49
yourtalk_video_50,https://www.youtube.com/watch?v=w7XA4jziy6k,yourtalk_speaker_50
yourtalk_video_51,https://www.youtube.com/watch?v=mqj21XXqIiA,yourtalk_speaker_51
yourtalk_video_52,https://www.youtube.com/watch?v=UByMg4AU6QE,yourtalk_speaker_52
yourtalk_video_53,https://www.youtube.com/watch?v=UIRPl-2RzPE,yourtalk_speaker_53
yourtalk_video_54,https://www.youtube.com/watch?v=QwmTbLiqR_E,yourtalk_speaker_54
yourtalk_video_55,https://www.youtube.com/watch?v=Vn7_8-uy00g,yourtalk_speaker_55
yourtalk_video_56,https://www.youtube.com/watch?v=U6ihHOLQyHc,yourtalk_speaker_56
yourtalk_video_57,https://www.youtube.com/watch?v=0kfzbzM88WQ,yourtalk_speaker_57
yourtalk_video_58,https://www.youtube.com/watch?v=68uzyd1KSAE,yourtalk_speaker_58
yourtalk_video_59,https://www.youtube.com/watch?v=62r3b9dRDmY,yourtalk_speaker_59
yourtalk_video_60,https://www.youtube.com/watch?v=kzkwD7RLc3E,yourtalk_speaker_60
yourtalk_video_61,https://www.youtube.com/watch?v=15rlonsxL8o,yourtalk_speaker_61
yourtalk_video_62,https://www.youtube.com/watch?v=7DRtFeMNsOQ,yourtalk_speaker_62
yourtalk_video_63,https://www.youtube.com/watch?v=A9exuw2ZHLk,yourtalk_speaker_63
yourtalk_video_64,https://www.youtube.com/watch?v=7AMMDHaLs4M,yourtalk_speaker_64
yourtalk_video_65,https://www.youtube.com/watch?v=cf1v-AikhGE,yourtalk_speaker_65
yourtalk_video_66,https://www.youtube.com/watch?v=b66f_M45L6A,yourtalk_speaker_66
yourtalk_video_67,https://www.youtube.com/watch?v=2rtoE2468L4,yourtalk_speaker_67
yourtalk_video_68,https://www.youtube.com/watch?v=eDG-50YJNW4,yourtalk_speaker_68
yourtalk_video_69,https://www.youtube.com/watch?v=LSVsB85T-AU,yourtalk_speaker_69
yourtalk_video_70,https://www.youtube.com/watch?v=fLm40CSzveM,yourtalk_speaker_70
yourtalk_video_71,https://www.youtube.com/watch?v=HXlhxA34340,yourtalk_speaker_71
yourtalk_video_72,https://www.youtube.com/watch?v=vzAGbmsGzd8,yourtalk_speaker_72
yourtalk_video_73,https://www.youtube.com/watch?v=FIE8Xp8T5PM,yourtalk_speaker_73
yourtalk_video_74,https://www.youtube.com/watch?v=R6hb5vpblrk,yourtalk_speaker_74
yourtalk_video_75,https://www.youtube.com/watch?v=C4__UtvRJUg,yourtalk_speaker_75
yourtalk_video_76,https://www.youtube.com/watch?v=WNUnFaMHyyo,yourtalk_speaker_76
yourtalk_video_77,https://www.youtube.com/watch?v=ASj2N5JeDSc,yourtalk_speaker_77
yourtalk_video_78,https://www.youtube.com/watch?v=Lc0QtZofKfQ,yourtalk_speaker_78
yourtalk_video_79,https://www.youtube.com/watch?v=rw8mbdqIW5s,yourtalk_speaker_79
yourtalk_video_80,https://www.youtube.com/watch?v=K-99atrLG8w,yourtalk_speaker_80
yourtalk_video_81,https://www.youtube.com/watch?v=wSWJELUG4YU,yourtalk_speaker_81
yourtalk_video_82,https://www.youtube.com/watch?v=EBp09w2whGo,yourtalk_speaker_82
yourtalk_video_83,https://www.youtube.com/watch?v=8IL4Pbs0jso,yourtalk_speaker_83
yourtalk_video_84,https://www.youtube.com/watch?v=05ew70jPnGc,yourtalk_speaker_84
yourtalk_video_85,https://www.youtube.com/watch?v=lPgDhxKNfd4,yourtalk_speaker_85
yourtalk_video_86,https://www.youtube.com/watch?v=IUSyICQl414,yourtalk_speaker_86
yourtalk_video_87,https://www.youtube.com/watch?v=5D1vm4r0YX0,yourtalk_speaker_87
yourtalk_video_88,https://www.youtube.com/watch?v=XRKTSusDOvM,yourtalk_speaker_88
yourtalk_video_89,https://www.youtube.com/watch?v=HqR4XT2tdwE,yourtalk_speaker_89
yourtalk_video_90,https://www.youtube.com/watch?v=xLeQOOcFLKY,yourtalk_speaker_90
yourtalk_video_91,https://www.youtube.com/watch?v=nkPbReVP2f4,yourtalk_speaker_91
yourtalk_video_92,https://www.youtube.com/watch?v=oEg63ePsq6A,yourtalk_speaker_92
yourtalk_video_93,https://www.youtube.com/watch?v=UlLqCG8e4EI,yourtalk_speaker_93
yourtalk_video_94,https://www.youtube.com/watch?v=qxJX6uJVoD4,yourtalk_speaker_94
yourtalk_video_95,https://www.youtube.com/watch?v=ukzmLEFfxAM,yourtalk_speaker_95
yourtalk_video_96,https://www.youtube.com/watch?v=n4UqPr3vlsw,yourtalk_speaker_96
yourtalk_video_97,https://www.youtube.com/watch?v=E3ruFtVV6OU,yourtalk_speaker_97
yourtalk_video_98,https://www.youtube.com/watch?v=vUXRmD52ZCE,yourtalk_speaker_98
yourtalk_video_99,https://www.youtube.com/watch?v=e_qwrOHSyx8,yourtalk_speaker_99
yourtalk_video_100,https://www.youtube.com/watch?v=BhzLhrZH-OE,yourtalk_speaker_100
yourtalk_video_101,https://www.youtube.com/watch?v=oEv6khmuKSg,yourtalk_speaker_101
yourtalk_video_102,https://www.youtube.com/watch?v=SU6sFUaFviA,yourtalk_speaker_102
yourtalk_video_103,https://www.youtube.com/watch?v=LHFh3_mcSzE,yourtalk_speaker_103
yourtalk_video_104,https://www.youtube.com/watch?v=hLGLXLokOPk,yourtalk_speaker_104
yourtalk_video_105,https://www.youtube.com/watch?v=MUJZT5YM404,yourtalk_speaker_105
yourtalk_video_106,https://www.youtube.com/watch?v=owc_5kLJ4Ts,yourtalk_speaker_106
yourtalk_video_107,https://www.youtube.com/watch?v=AG4NK9pSi1w,yourtalk_speaker_107
yourtalk_video_108,https://www.youtube.com/watch?v=nwE8QXEWcIY,yourtalk_speaker_108
yourtalk_video_109,https://www.youtube.com/watch?v=ojy63kZDe68,yourtalk_speaker_109
yourtalk_video_110,https://www.youtube.com/watch?v=lWWMdWHJbx4,yourtalk_speaker_110
yourtalk_video_111,https://www.youtube.com/watch?v=_dCtvSDCjcc,yourtalk_speaker_111
yourtalk_video_112,https://www.youtube.com/watch?v=HOf5WJz9dJ8,yourtalk_speaker_112
yourtalk_video_113,https://www.youtube.com/watch?v=FtD7yZyIhA8,yourtalk_speaker_113
yourtalk_video_114,https://www.youtube.com/watch?v=oHRwyorW1hY,yourtalk_speaker_114
yourtalk_video_115,https://www.youtube.com/watch?v=dmc49TUTZCU,yourtalk_speaker_115
yourtalk_video_116,https://www.youtube.com/watch?v=hjvWKyFZYpI,yourtalk_speaker_116
yourtalk_video_117,https://www.youtube.com/watch?v=GTVJ_eeFYl4,yourtalk_speaker_117
yourtalk_video_118,https://www.youtube.com/watch?v=3iI42zGCP58,yourtalk_speaker_118
yourtalk_video_119,https://www.youtube.com/watch?v=4YmecF2uy_M,yourtalk_speaker_119
yourtalk_video_120,https://www.youtube.com/watch?v=GYZobOBxahY,yourtalk_speaker_120
yourtalk_video_121,https://www.youtube.com/watch?v=DryDqxArEyo,yourtalk_speaker_121
yourtalk_video_122,https://www.youtube.com/watch?v=FT1yQ-MFu3E,yourtalk_speaker_122
yourtalk_video_123,https://www.youtube.com/watch?v=ly6oXHpu64g,yourtalk_speaker_123
yourtalk_video_124,https://www.youtube.com/watch?v=NLl2QK2K53g,yourtalk_speaker_124
yourtalk_video_125,https://www.youtube.com/watch?v=k43sA4iGMXg,yourtalk_speaker_125
yourtalk_video_126,https://www.youtube.com/watch?v=p1oDoPuLBn8,yourtalk_speaker_126
yourtalk_video_127,https://www.youtube.com/watch?v=n7nmeGTlE9M,yourtalk_speaker_127
yourtalk_video_128,https://www.youtube.com/watch?v=xZk5Sg2LvN8,yourtalk_speaker_128
yourtalk_video_129,https://www.youtube.com/watch?v=tjsiAI8kWGk,yourtalk_speaker_129
yourtalk_video_130,https://www.youtube.com/watch?v=8EnkEKbl6Zk,yourtalk_speaker_130
yourtalk_video_131,https://www.youtube.com/watch?v=e95o12YjPsY,yourtalk_speaker_131
yourtalk_video_132,https://www.youtube.com/watch?v=uSMAtRKMOi8,yourtalk_speaker_132
yourtalk_video_133,https://www.youtube.com/watch?v=FrPYoUjIUDU,yourtalk_speaker_133
yourtalk_video_134,https://www.youtube.com/watch?v=ZNILDP55V7A,yourtalk_speaker_134
yourtalk_video_135,https://www.youtube.com/watch?v=D5XuOH27mRU,yourtalk_speaker_135
yourtalk_video_136,https://www.youtube.com/watch?v=sRWMj2Fhcb8,yourtalk_speaker_136
yourtalk_video_137,https://www.youtube.com/watch?v=hOkezYZuSzc,yourtalk_speaker_137
yourtalk_video_138,https://www.youtube.com/watch?v=Q8axMNsC0tw,yourtalk_speaker_138
yourtalk_video_139,https://www.youtube.com/watch?v=jIcAGXh1NXo,yourtalk_speaker_139
yourtalk_video_140,https://www.youtube.com/watch?v=omHv4G8QWi0,yourtalk_speaker_140
yourtalk_video_141,https://www.youtube.com/watch?v=qKAhwdI9epw,yourtalk_speaker_141
yourtalk_video_142,https://www.youtube.com/watch?v=fwDCCq33TqI,yourtalk_speaker_142
yourtalk_video_143,https://www.youtube.com/watch?v=L4eMnVmIG4E,yourtalk_speaker_143
yourtalk_video_144,https://www.youtube.com/watch?v=TxsA5xsToO0,yourtalk_speaker_144
yourtalk_video_145,https://www.youtube.com/watch?v=-x8LF_cP-ug,yourtalk_speaker_145
yourtalk_video_146,https://www.youtube.com/watch?v=sW8Jq1PdxVM,yourtalk_speaker_146
yourtalk_video_147,https://www.youtube.com/watch?v=0eiELxnkvrw,yourtalk_speaker_147
yourtalk_video_148,https://www.youtube.com/watch?v=gnnoFDhsNfo,yourtalk_speaker_148
yourtalk_video_149,https://www.youtube.com/watch?v=3pQ5IG6rpqw,yourtalk_speaker_149
yourtalk_video_150,https://www.youtube.com/watch?v=tz8Pw2zNMLE,yourtalk_speaker_150
yourtalk_video_151,https://www.youtube.com/watch?v=IjG9aeX8O-c,yourtalk_speaker_151
yourtalk_video_152,https://www.youtube.com/watch?v=99eznIx9qR0,yourtalk_speaker_152
yourtalk_video_153,https://www.youtube.com/watch?v=0nXCtcd4H_o,yourtalk_speaker_153
yourtalk_video_154,https://www.youtube.com/watch?v=Oy-T4aFMjZ0,yourtalk_speaker_154
yourtalk_video_155,https://www.youtube.com/watch?v=LN6ajMYttyY,yourtalk_speaker_155
yourtalk_video_156,https://www.youtube.com/watch?v=3i59mC-e5X8,yourtalk_speaker_156
yourtalk_video_157,https://www.youtube.com/watch?v=diC7miz9tqg,yourtalk_speaker_157
yourtalk_video_158,https://www.youtube.com/watch?v=2TwIGab43lU,yourtalk_speaker_158
yourtalk_video_159,https://www.youtube.com/watch?v=Z2bT2XdecCY,yourtalk_speaker_159
yourtalk_video_160,https://www.youtube.com/watch?v=rfcqPBQU-Sc,yourtalk_speaker_160
yourtalk_video_161,https://www.youtube.com/watch?v=SaNmkFwJvBY,yourtalk_speaker_161
yourtalk_video_162,https://www.youtube.com/watch?v=nLlQLDhbAxI,yourtalk_speaker_162
yourtalk_video_163,https://www.youtube.com/watch?v=evlUabA54as,yourtalk_speaker_163
yourtalk_video_164,https://www.youtube.com/watch?v=R4WMZWMf_sY,yourtalk_speaker_164
yourtalk_video_165,https://www.youtube.com/watch?v=7Si9ptfKNbU,yourtalk_speaker_165
yourtalk_video_166,https://www.youtube.com/watch?v=7tnN_LklH8M,yourtalk_speaker_166
yourtalk_video_167,https://www.youtube.com/watch?v=IX3bFXtKePg,yourtalk_speaker_167
yourtalk_video_168,https://www.youtube.com/watch?v=P_RhOaIku34,yourtalk_speaker_168
yourtalk_video_169,https://www.youtube.com/watch?v=dTOqSSp5Jsg,yourtalk_speaker_169
yourtalk_video_170,https://www.youtube.com/watch?v=vGNwwe7vegI,yourtalk_speaker_170
yourtalk_video_171,https://www.youtube.com/watch?v=hITktfT1iH0,yourtalk_speaker_171
yourtalk_video_172,https://www.youtube.com/watch?v=rMcxDIpkZK0,yourtalk_speaker_172
yourtalk_video_173,https://www.youtube.com/watch?v=PbnOO4tlhYk,yourtalk_speaker_173
yourtalk_video_174,https://www.youtube.com/watch?v=02k_n3s-UFk,yourtalk_speaker_174
yourtalk_video_175,https://www.youtube.com/watch?v=X825sF7oYu8,yourtalk_speaker_175
yourtalk_video_176,https://www.youtube.com/watch?v=FkE1T5T2Pho,yourtalk_speaker_176
yourtalk_video_177,https://www.youtube.com/watch?v=KFHOfGG8kwc,yourtalk_speaker_177
yourtalk_video_178,https://www.youtube.com/watch?v=ZauHUMSv1NQ,yourtalk_speaker_178
yourtalk_video_179,https://www.youtube.com/watch?v=2yNDd1d21kk,yourtalk_speaker_179
yourtalk_video_180,https://www.youtube.com/watch?v=waMFGeCGeVk,yourtalk_speaker_180
yourtalk_video_181,https://www.youtube.com/watch?v=HXPPqP3uXdE,yourtalk_speaker_181
yourtalk_video_182,https://www.youtube.com/watch?v=Mp4cl90QPbY,yourtalk_speaker_182
yourtalk_video_183,https://www.youtube.com/watch?v=C3XbKhGXyNI,yourtalk_speaker_183
yourtalk_video_184,https://www.youtube.com/watch?v=cQ0d-3DXGYA,yourtalk_speaker_184
yourtalk_video_185,https://www.youtube.com/watch?v=t8zYrYhXLY4,yourtalk_speaker_185
yourtalk_video_186,https://www.youtube.com/watch?v=vdx6sIQeL7A,yourtalk_speaker_186
yourtalk_video_187,https://www.youtube.com/watch?v=wtguRZZx6bA,yourtalk_speaker_187
yourtalk_video_188,https://www.youtube.com/watch?v=kA8T1D0ExRI,yourtalk_speaker_188
yourtalk_video_189,https://www.youtube.com/watch?v=pVnJx1_MXmw,yourtalk_speaker_189
yourtalk_video_190,https://www.youtube.com/watch?v=xT5U5QOeHPg,yourtalk_speaker_190
yourtalk_video_191,https://www.youtube.com/watch?v=0PGHzHRm9LM,yourtalk_speaker_191
yourtalk_video_192,https://www.youtube.com/watch?v=Qf_vIsl30Rs,yourtalk_speaker_192
yourtalk_video_193,https://www.youtube.com/watch?v=HJgAnXtvY8g,yourtalk_speaker_193
yourtalk_video_194,https://www.youtube.com/watch?v=CzKVk3DRVsg,yourtalk_speaker_194
yourtalk_video_195,https://www.youtube.com/watch?v=swr4k08zjQA,yourtalk_speaker_195
yourtalk_video_196,https://www.youtube.com/watch?v=vNa3NmnlPUc,yourtalk_speaker_196
yourtalk_video_197,https://www.youtube.com/watch?v=BcGizI3isxY,yourtalk_speaker_197
yourtalk_video_198,https://www.youtube.com/watch?v=7qMzVNx0VKU,yourtalk_speaker_198
yourtalk_video_199,https://www.youtube.com/watch?v=_mdYMjQTeX8,yourtalk_speaker_199
yourtalk_video_200,https://www.youtube.com/watch?v=8-plfLVANP0,yourtalk_speaker_200
yourtalk_video_201,https://www.youtube.com/watch?v=NXu3PVUKdms,yourtalk_speaker_201
yourtalk_video_202,https://www.youtube.com/watch?v=o7igvObTfoI,yourtalk_speaker_202
yourtalk_video_203,https://www.youtube.com/watch?v=34pBN_-uJaw,yourtalk_speaker_203
yourtalk_video_204,https://www.youtube.com/watch?v=iYIt9urjTg8,yourtalk_speaker_204
yourtalk_video_205,https://www.youtube.com/watch?v=kLw8n6kqC3s,yourtalk_speaker_205
yourtalk_video_206,https://www.youtube.com/watch?v=ViX_w3WyIdw,yourtalk_speaker_206
yourtalk_video_207,https://www.youtube.com/watch?v=e8FfR-bj5Ls,yourtalk_speaker_207
yourtalk_video_208,https://www.youtube.com/watch?v=XX5hZzY3xTY,yourtalk_speaker_208
yourtalk_video_209,https://www.youtube.com/watch?v=NF3dNZsmIIw,yourtalk_speaker_209
yourtalk_video_210,https://www.youtube.com/watch?v=txk_C32PbLE,yourtalk_speaker_210
yourtalk_video_211,https://www.youtube.com/watch?v=UClvMTrqeNk,yourtalk_speaker_211
yourtalk_video_212,https://www.youtube.com/watch?v=Z-qoXeAufh0,yourtalk_speaker_212
yourtalk_video_213,https://www.youtube.com/watch?v=Xsf4YQLm39A,yourtalk_speaker_213
yourtalk_video_214,https://www.youtube.com/watch?v=IxdxYWYB74w,yourtalk_speaker_214
yourtalk_video_215,https://www.youtube.com/watch?v=zQZj17kywx4,yourtalk_speaker_215
yourtalk_video_216,https://www.youtube.com/watch?v=sHApWegDwXs,yourtalk_speaker_216
yourtalk_video_217,https://www.youtube.com/watch?v=YKDpMbrJFoE,yourtalk_speaker_217
yourtalk_video_218,https://www.youtube.com/watch?v=HpmUSqzr2iA,yourtalk_speaker_218
yourtalk_video_219,https://www.youtube.com/watch?v=MkbWKjHcoOQ,yourtalk_speaker_219
yourtalk_video_220,https://www.youtube.com/watch?v=RxPLbgVktEE,yourtalk_speaker_220
yourtalk_video_221,https://www.youtube.com/watch?v=Jo6BHAN2-B0,yourtalk_speaker_221
yourtalk_video_222,https://www.youtube.com/watch?v=4j0d5v_CbyY,yourtalk_speaker_222
yourtalk_video_223,https://www.youtube.com/watch?v=53vX8huIz_w,yourtalk_speaker_223
yourtalk_video_224,https://www.youtube.com/watch?v=OQcIt5RkR-w,yourtalk_speaker_224
yourtalk_video_225,https://www.youtube.com/watch?v=zsuTWl9OP0s,yourtalk_speaker_225
yourtalk_video_226,https://www.youtube.com/watch?v=1FEKwYH7_yU,yourtalk_speaker_226
yourtalk_video_227,https://www.youtube.com/watch?v=RupAhdCT0O4,yourtalk_speaker_227
yourtalk_video_228,https://www.youtube.com/watch?v=M3IJ52hZyv4,yourtalk_speaker_228
yourtalk_video_229,https://www.youtube.com/watch?v=bqSQME1bZI4,yourtalk_speaker_229
yourtalk_video_230,https://www.youtube.com/watch?v=9m5DB9xSyFM,yourtalk_speaker_230
yourtalk_video_231,https://www.youtube.com/watch?v=5H_RezhjAgE,yourtalk_speaker_231
yourtalk_video_232,https://www.youtube.com/watch?v=cKUGcvQuTtQ,yourtalk_speaker_232
yourtalk_video_233,https://www.youtube.com/watch?v=16w3fH0oYv4,yourtalk_speaker_233
yourtalk_video_234,https://www.youtube.com/watch?v=QXg87fkPDzg,yourtalk_speaker_234
yourtalk_video_235,https://www.youtube.com/watch?v=sTDx_5MmTlM,yourtalk_speaker_235
yourtalk_video_236,https://www.youtube.com/watch?v=bSS3_kAo2O0,yourtalk_speaker_236
yourtalk_video_237,https://www.youtube.com/watch?v=woJR84ispec,yourtalk_speaker_237
yourtalk_video_238,https://www.youtube.com/watch?v=vWKC-pU03K0,yourtalk_speaker_238
yourtalk_video_239,https://www.youtube.com/watch?v=FbD4RXvOvoE,yourtalk_speaker_239
yourtalk_video_240,https://www.youtube.com/watch?v=KzHbbeUByk8,yourtalk_speaker_240
yourtalk_video_241,https://www.youtube.com/watch?v=9vDspq3R1Fs,yourtalk_speaker_241
yourtalk_video_242,https://www.youtube.com/watch?v=uwMcu6TwQO8,yourtalk_speaker_242
yourtalk_video_243,https://www.youtube.com/watch?v=RjBPPshyiy4,yourtalk_speaker_243
yourtalk_video_244,https://www.youtube.com/watch?v=vaaFDb2asrk,yourtalk_speaker_244
yourtalk_video_245,https://www.youtube.com/watch?v=OqEaCDh_5hc,yourtalk_speaker_245
yourtalk_video_246,https://www.youtube.com/watch?v=8stKbtr9V2E,yourtalk_speaker_246
yourtalk_video_247,https://www.youtube.com/watch?v=YqcWypxm5aM,yourtalk_speaker_247
yourtalk_video_248,https://www.youtube.com/watch?v=bLiroTXndxI,yourtalk_speaker_248
yourtalk_video_249,https://www.youtube.com/watch?v=CU6LIxnxvak,yourtalk_speaker_249
yourtalk_video_250,https://www.youtube.com/watch?v=cGvAJEpVCHU,yourtalk_speaker_250
yourtalk_video_251,https://www.youtube.com/watch?v=9qZd1tKeLs4,yourtalk_speaker_251
yourtalk_video_252,https://www.youtube.com/watch?v=ik8NH99p2V4,yourtalk_speaker_252
yourtalk_video_253,https://www.youtube.com/watch?v=j9NLmTLHhjI,yourtalk_speaker_253
yourtalk_video_254,https://www.youtube.com/watch?v=it9oOC0EgdU,yourtalk_speaker_254
yourtalk_video_255,https://www.youtube.com/watch?v=_nbSGoHfx6Y,yourtalk_speaker_255
yourtalk_video_256,https://www.youtube.com/watch?v=Ommk_bb3Wl4,yourtalk_speaker_256
yourtalk_video_257,https://www.youtube.com/watch?v=Ya_xlKPCJyE,yourtalk_speaker_257
yourtalk_video_258,https://www.youtube.com/watch?v=lZv4xqJKmqc,yourtalk_speaker_258
yourtalk_video_259,https://www.youtube.com/watch?v=W6uYnCTExIc,yourtalk_speaker_259
yourtalk_video_260,https://www.youtube.com/watch?v=mMFJcW-wLgQ,yourtalk_speaker_260
yourtalk_video_261,https://www.youtube.com/watch?v=cCTJ7G9mu28,yourtalk_speaker_261
yourtalk_video_262,https://www.youtube.com/watch?v=zdQlbm9mmZM,yourtalk_speaker_262
yourtalk_video_263,https://www.youtube.com/watch?v=BQlQUrU9j0Q,yourtalk_speaker_263
yourtalk_video_264,https://www.youtube.com/watch?v=s2daNYMS9VA,yourtalk_speaker_264
yourtalk_video_265,https://www.youtube.com/watch?v=SqCmWDElXF0,yourtalk_speaker_265
yourtalk_video_266,https://www.youtube.com/watch?v=L4LqjSdVV2s,yourtalk_speaker_266
yourtalk_video_267,https://www.youtube.com/watch?v=bOOwTx8NaYY,yourtalk_speaker_267
yourtalk_video_268,https://www.youtube.com/watch?v=ihs_NMT-lVA,yourtalk_speaker_268
yourtalk_video_269,https://www.youtube.com/watch?v=nqIEC9qEmMQ,yourtalk_speaker_269
yourtalk_video_270,https://www.youtube.com/watch?v=DQZjYFM9qS4,yourtalk_speaker_270
yourtalk_video_271,https://www.youtube.com/watch?v=AQSljtmU43U,yourtalk_speaker_271
yourtalk_video_272,https://www.youtube.com/watch?v=X2uJjsuf5q4,yourtalk_speaker_272
yourtalk_video_273,https://www.youtube.com/watch?v=ec4ZFggBxrY,yourtalk_speaker_273
yourtalk_video_274,https://www.youtube.com/watch?v=hGh_vjEkrO8,yourtalk_speaker_274
yourtalk_video_275,https://www.youtube.com/watch?v=vLJtKjfzYds,yourtalk_speaker_275
yourtalk_video_276,https://www.youtube.com/watch?v=ELoD9Wcn_LQ,yourtalk_speaker_276
yourtalk_video_277,https://www.youtube.com/watch?v=avQ7PltUb9s,yourtalk_speaker_277
yourtalk_video_278,https://www.youtube.com/watch?v=sXa1QOXnO60,yourtalk_speaker_278
yourtalk_video_279,https://www.youtube.com/watch?v=U1MwYS5mNcI,yourtalk_speaker_279
yourtalk_video_280,https://www.youtube.com/watch?v=0qohcHbNQo8,yourtalk_speaker_280
yourtalk_video_281,https://www.youtube.com/watch?v=pQ2EGSGkRw4,yourtalk_speaker_281
yourtalk_video_282,https://www.youtube.com/watch?v=HoxYBUQ_9kw,yourtalk_speaker_282
yourtalk_video_283,https://www.youtube.com/watch?v=3MnUD9MNkGg,yourtalk_speaker_283
yourtalk_video_284,https://www.youtube.com/watch?v=pgwUPAcdo5E,yourtalk_speaker_284
yourtalk_video_285,https://www.youtube.com/watch?v=T9xwIjMjXMY,yourtalk_speaker_285
yourtalk_video_286,https://www.youtube.com/watch?v=YWp8jzFtjrE,yourtalk_speaker_286
yourtalk_video_287,https://www.youtube.com/watch?v=WSvsRgWmG0U,yourtalk_speaker_287
yourtalk_video_288,https://www.youtube.com/watch?v=MfNOpX4Q1W8,yourtalk_speaker_288
yourtalk_video_289,https://www.youtube.com/watch?v=FMfqvEsO3bc,yourtalk_speaker_289
yourtalk_video_290,https://www.youtube.com/watch?v=qpY41H1RWFQ,yourtalk_speaker_290
yourtalk_video_291,https://www.youtube.com/watch?v=P9RKVoch_6o,yourtalk_speaker_291
yourtalk_video_292,https://www.youtube.com/watch?v=LxUhPrJoFdY,yourtalk_speaker_292
yourtalk_video_293,https://www.youtube.com/watch?v=97xpi1-mdOA,yourtalk_speaker_293
yourtalk_video_294,https://www.youtube.com/watch?v=pGRJgsDaO1M,yourtalk_speaker_294
yourtalk_video_295,https://www.youtube.com/watch?v=hr6u61VXHWE,yourtalk_speaker_295
yourtalk_video_296,https://www.youtube.com/watch?v=VnlBHmsAsL0,yourtalk_speaker_296
yourtalk_video_297,https://www.youtube.com/watch?v=CzxNEBCyHjc,yourtalk_speaker_297
yourtalk_video_298,https://www.youtube.com/watch?v=Rg0-PYMuKcM,yourtalk_speaker_298
yourtalk_video_299,https://www.youtube.com/watch?v=J-M3C2ge-DI,yourtalk_speaker_299
yourtalk_video_300,https://www.youtube.com/watch?v=6H-DiZaYg5M,yourtalk_speaker_300
yourtalk_video_301,https://www.youtube.com/watch?v=c2sASdyr-Bg,yourtalk_speaker_301
yourtalk_video_302,https://www.youtube.com/watch?v=ZquQnhWBSdY,yourtalk_speaker_302
yourtalk_video_303,https://www.youtube.com/watch?v=y8sYlpBp2F0,yourtalk_speaker_303
yourtalk_video_304,https://www.youtube.com/watch?v=QCNNtnZvpxo,yourtalk_speaker_304
yourtalk_video_305,https://www.youtube.com/watch?v=DO5AKG_wmas,yourtalk_speaker_305
yourtalk_video_306,https://www.youtube.com/watch?v=SjahTxBg6bc,yourtalk_speaker_306
yourtalk_video_307,https://www.youtube.com/watch?v=YTOU8sWHRBs,yourtalk_speaker_307
yourtalk_video_308,https://www.youtube.com/watch?v=Y7ZujElLURk,yourtalk_speaker_308
yourtalk_video_309,https://www.youtube.com/watch?v=IfQfjEptyLw,yourtalk_speaker_309
yourtalk_video_310,https://www.youtube.com/watch?v=NtnKi7Z7U1E,yourtalk_speaker_310
yourtalk_video_311,https://www.youtube.com/watch?v=bed1w0YpZpI,yourtalk_speaker_311
yourtalk_video_312,https://www.youtube.com/watch?v=68ZyjN4P-gc,yourtalk_speaker_312
yourtalk_video_313,https://www.youtube.com/watch?v=L0ErxNe1D_M,yourtalk_speaker_313
yourtalk_video_314,https://www.youtube.com/watch?v=ZmJDazyL0eU,yourtalk_speaker_314
yourtalk_video_315,https://www.youtube.com/watch?v=z-W11PK8Azo,yourtalk_speaker_315
yourtalk_video_316,https://www.youtube.com/watch?v=IWS_REEduN4,yourtalk_speaker_316
yourtalk_video_317,https://www.youtube.com/watch?v=yXqt7VKcbm4,yourtalk_speaker_317
yourtalk_video_318,https://www.youtube.com/watch?v=ObsBf6T8eoo,yourtalk_speaker_318
yourtalk_video_319,https://www.youtube.com/watch?v=rerL2SJ-C_A,yourtalk_speaker_319
yourtalk_video_320,https://www.youtube.com/watch?v=vM48ASUJD8g,yourtalk_speaker_320
yourtalk_video_321,https://www.youtube.com/watch?v=VcAKc-jlGd4,yourtalk_speaker_321
yourtalk_video_322,https://www.youtube.com/watch?v=K2SMbU7zhMo,yourtalk_speaker_322
yourtalk_video_323,https://www.youtube.com/watch?v=DkEwDx12pP0,yourtalk_speaker_323
yourtalk_video_324,https://www.youtube.com/watch?v=njnjKiclWqI,yourtalk_speaker_324
yourtalk_video_325,https://www.youtube.com/watch?v=Aj9uVyFtSkQ,yourtalk_speaker_325
yourtalk_video_326,https://www.youtube.com/watch?v=ZNDKkiAxgqc,yourtalk_speaker_326
yourtalk_video_327,https://www.youtube.com/watch?v=kW0rl8WpLRQ,yourtalk_speaker_327
yourtalk_video_328,https://www.youtube.com/watch?v=pTOZw52QZ30,yourtalk_speaker_328
yourtalk_video_329,https://www.youtube.com/watch?v=cqOm3ZPhBGM,yourtalk_speaker_329
yourtalk_video_330,https://www.youtube.com/watch?v=jQU_wjo3gnQ,yourtalk_speaker_330
yourtalk_video_331,https://www.youtube.com/watch?v=mUU2mMicBMA,yourtalk_speaker_331
yourtalk_video_332,https://www.youtube.com/watch?v=pOCYaXy3lCE,yourtalk_speaker_332
yourtalk_video_333,https://www.youtube.com/watch?v=EzXaPSPKSGU,yourtalk_speaker_333
yourtalk_video_334,https://www.youtube.com/watch?v=fvIBIkxUvlY,yourtalk_speaker_334
yourtalk_video_335,https://www.youtube.com/watch?v=C1GM5hgR6lM,yourtalk_speaker_335
yourtalk_video_336,https://www.youtube.com/watch?v=Vg8SWWYAIus,yourtalk_speaker_336
yourtalk_video_337,https://www.youtube.com/watch?v=1VhxKti_Vhg,yourtalk_speaker_337
yourtalk_video_338,https://www.youtube.com/watch?v=ERlr-dAZ1X4,yourtalk_speaker_338
yourtalk_video_339,https://www.youtube.com/watch?v=IhHsNa8Mxyw,yourtalk_speaker_339
yourtalk_video_340,https://www.youtube.com/watch?v=veLwea5NJn4,yourtalk_speaker_340
yourtalk_video_341,https://www.youtube.com/watch?v=4RNQxHc2Pp4,yourtalk_speaker_341
yourtalk_video_342,https://www.youtube.com/watch?v=_JirvOfN-8o,yourtalk_speaker_342
yourtalk_video_343,https://www.youtube.com/watch?v=gPFJOp-Nj18,yourtalk_speaker_343
yourtalk_video_344,https://www.youtube.com/watch?v=W3dvw8aCtxI,yourtalk_speaker_344
yourtalk_video_345,https://www.youtube.com/watch?v=cCXpVgKQ76c,yourtalk_speaker_345
yourtalk_video_346,https://www.youtube.com/watch?v=DMwqDDULWw8,yourtalk_speaker_346
yourtalk_video_347,https://www.youtube.com/watch?v=9tGSaU7aKgk,yourtalk_speaker_347
yourtalk_video_348,https://www.youtube.com/watch?v=tfzoIxE_ZpY,yourtalk_speaker_348
yourtalk_video_349,https://www.youtube.com/watch?v=kD4wfjPgubc,yourtalk_speaker_349
yourtalk_video_350,https://www.youtube.com/watch?v=XMjN_95qY3M,yourtalk_speaker_350
yourtalk_video_351,https://www.youtube.com/watch?v=LGQ0-S-vA50,yourtalk_speaker_351
yourtalk_video_352,https://www.youtube.com/watch?v=XyARQskluJY,yourtalk_speaker_352
yourtalk_video_353,https://www.youtube.com/watch?v=Hl1N_1JycbI,yourtalk_speaker_353
yourtalk_video_354,https://www.youtube.com/watch?v=eIpE-KdX6Z8,yourtalk_speaker_354
yourtalk_video_355,https://www.youtube.com/watch?v=mo7T3guY5c4,yourtalk_speaker_355
yourtalk_video_356,https://www.youtube.com/watch?v=xZayQDbMuVY,yourtalk_speaker_356
yourtalk_video_357,https://www.youtube.com/watch?v=7D7FcTdaHH4,yourtalk_speaker_357
yourtalk_video_358,https://www.youtube.com/watch?v=9AE5OKZr5NY,yourtalk_speaker_358
yourtalk_video_359,https://www.youtube.com/watch?v=9qz_ELhMG_A,yourtalk_speaker_359
yourtalk_video_360,https://www.youtube.com/watch?v=-fuj0oLMSNk,yourtalk_speaker_360
yourtalk_video_361,https://www.youtube.com/watch?v=0DIrVq8zTvY,yourtalk_speaker_361
yourtalk_video_362,https://www.youtube.com/watch?v=_P8HqLtI--o,yourtalk_speaker_362
yourtalk_video_363,https://www.youtube.com/watch?v=xwcdL53etPY,yourtalk_speaker_363
yourtalk_video_364,https://www.youtube.com/watch?v=QQSRM8WaBbI,yourtalk_speaker_364
yourtalk_video_365,https://www.youtube.com/watch?v=oyuedNAJfrg,yourtalk_speaker_365
yourtalk_video_366,https://www.youtube.com/watch?v=b7Y28oGsHHg,yourtalk_speaker_366
yourtalk_video_367,https://www.youtube.com/watch?v=74WBPF8dd4M,yourtalk_speaker_367
yourtalk_video_368,https://www.youtube.com/watch?v=Vf4tTvQR-jk,yourtalk_speaker_368
yourtalk_video_369,https://www.youtube.com/watch?v=gvN7qyNFim0,yourtalk_speaker_369
yourtalk_video_370,https://www.youtube.com/watch?v=bYZaE7RGyt0,yourtalk_speaker_370
yourtalk_video_371,https://www.youtube.com/watch?v=css5EAjbmJs,yourtalk_speaker_371
yourtalk_video_372,https://www.youtube.com/watch?v=HOD1N9GkLEU,yourtalk_speaker_372
yourtalk_video_373,https://www.youtube.com/watch?v=fuYrXHRmnMc,yourtalk_speaker_373
yourtalk_video_374,https://www.youtube.com/watch?v=TAFZGqQjg9g,yourtalk_speaker_374
yourtalk_video_375,https://www.youtube.com/watch?v=-IOpXMHR3UU,yourtalk_speaker_375
yourtalk_video_376,https://www.youtube.com/watch?v=xRejvZW6VBg,yourtalk_speaker_376
yourtalk_video_377,https://www.youtube.com/watch?v=113zGS4D4Rc,yourtalk_speaker_377
yourtalk_video_378,https://www.youtube.com/watch?v=V8VjjMwDQ40,yourtalk_speaker_378
yourtalk_video_379,https://www.youtube.com/watch?v=0AIB8nS-vuQ,yourtalk_speaker_379
yourtalk_video_380,https://www.youtube.com/watch?v=s5T7DSK_yV0,yourtalk_speaker_380
yourtalk_video_381,https://www.youtube.com/watch?v=Ko2xew63o44,yourtalk_speaker_381
yourtalk_video_382,https://www.youtube.com/watch?v=KCIDJWF9OHs,yourtalk_speaker_382
yourtalk_video_383,https://www.youtube.com/watch?v=idgOysGdIuY,yourtalk_speaker_383
yourtalk_video_384,https://www.youtube.com/watch?v=lduNbhrj7P8,yourtalk_speaker_384
yourtalk_video_385,https://www.youtube.com/watch?v=fcgAV7YT8KE,yourtalk_speaker_385
yourtalk_video_386,https://www.youtube.com/watch?v=ckaXDNc1STk,yourtalk_speaker_386
yourtalk_video_387,https://www.youtube.com/watch?v=kVNHvZhO9EI,yourtalk_speaker_387
yourtalk_video_388,https://www.youtube.com/watch?v=HvV-B2jq2x0,yourtalk_speaker_388
yourtalk_video_389,https://www.youtube.com/watch?v=JRlrvJ05SDc,yourtalk_speaker_389
yourtalk_video_390,https://www.youtube.com/watch?v=LfWfNn8Drc0,yourtalk_speaker_390
yourtalk_video_391,https://www.youtube.com/watch?v=bgfzwMAOjB8,yourtalk_speaker_391
yourtalk_video_392,https://www.youtube.com/watch?v=mri7tf2r5xQ,yourtalk_speaker_392
yourtalk_video_393,https://www.youtube.com/watch?v=wix8tiP40iI,yourtalk_speaker_393
yourtalk_video_394,https://www.youtube.com/watch?v=2hc_eL9272g,yourtalk_speaker_394
yourtalk_video_395,https://www.youtube.com/watch?v=wpHq9jjI_p8,yourtalk_speaker_395
yourtalk_video_396,https://www.youtube.com/watch?v=fW7shMb7InE,yourtalk_speaker_396
yourtalk_video_397,https://www.youtube.com/watch?v=HYXLqosACpg,yourtalk_speaker_397
yourtalk_video_398,https://www.youtube.com/watch?v=zEYOJO5v2xY,yourtalk_speaker_398
yourtalk_video_399,https://www.youtube.com/watch?v=je3zmDIXgNg,yourtalk_speaker_399
yourtalk_video_400,https://www.youtube.com/watch?v=xOKtqkXIr_0,yourtalk_speaker_400
yourtalk_video_401,https://www.youtube.com/watch?v=g7aT7-Xkhbk,yourtalk_speaker_401
yourtalk_video_402,https://www.youtube.com/watch?v=PGBp9wGU5lo,yourtalk_speaker_402
yourtalk_video_403,https://www.youtube.com/watch?v=CFfR3Gsya8Q,yourtalk_speaker_403
yourtalk_video_404,https://www.youtube.com/watch?v=ZlntRqm2i84,yourtalk_speaker_404
yourtalk_video_405,https://www.youtube.com/watch?v=2LLYYLLNFKI,yourtalk_speaker_405
yourtalk_video_406,https://www.youtube.com/watch?v=bcSFRWnnoK8,yourtalk_speaker_406
yourtalk_video_407,https://www.youtube.com/watch?v=rb_VTV-7OXs,yourtalk_speaker_407
yourtalk_video_408,https://www.youtube.com/watch?v=4RbNqiIAs6I,yourtalk_speaker_408
yourtalk_video_409,https://www.youtube.com/watch?v=ITGxdN4Em5A,yourtalk_speaker_409
yourtalk_video_410,https://www.youtube.com/watch?v=vZTixgVlscQ,yourtalk_speaker_410
yourtalk_video_411,https://www.youtube.com/watch?v=0Fmzanub7rs,yourtalk_speaker_411
yourtalk_video_412,https://www.youtube.com/watch?v=kgzEejKzdjk,yourtalk_speaker_412
yourtalk_video_413,https://www.youtube.com/watch?v=3zrmVRlvzXI,yourtalk_speaker_413
yourtalk_video_414,https://www.youtube.com/watch?v=F0adyypi8nc,yourtalk_speaker_414
yourtalk_video_415,https://www.youtube.com/watch?v=8W4v9IoYOJ8,yourtalk_speaker_415
yourtalk_video_416,https://www.youtube.com/watch?v=jtOEW1Lg3-8,yourtalk_speaker_416
yourtalk_video_417,https://www.youtube.com/watch?v=F_DADxqrnDs,yourtalk_speaker_417
yourtalk_video_418,https://www.youtube.com/watch?v=DKqp5pm0q0c,yourtalk_speaker_418
yourtalk_video_419,https://www.youtube.com/watch?v=W7xVxi0Xi7Q,yourtalk_speaker_419
yourtalk_video_420,https://www.youtube.com/watch?v=SFnuZpvHVr8,yourtalk_speaker_420
yourtalk_video_421,https://www.youtube.com/watch?v=nhSgky6pctU,yourtalk_speaker_421
yourtalk_video_422,https://www.youtube.com/watch?v=K2k4siSBimk,yourtalk_speaker_422
yourtalk_video_423,https://www.youtube.com/watch?v=k33KH5zaKvE,yourtalk_speaker_423
yourtalk_video_424,https://www.youtube.com/watch?v=O9StdsIpLms,yourtalk_speaker_424
yourtalk_video_425,https://www.youtube.com/watch?v=4NNzVf86ACg,yourtalk_speaker_425
yourtalk_video_426,https://www.youtube.com/watch?v=32vW9SynRzg,yourtalk_speaker_426
yourtalk_video_427,https://www.youtube.com/watch?v=Tz_4ujJGlpw,yourtalk_speaker_427
yourtalk_video_428,https://www.youtube.com/watch?v=M8rmTsI6hMc,yourtalk_speaker_428
yourtalk_video_429,https://www.youtube.com/watch?v=STspPNspjKs,yourtalk_speaker_429
yourtalk_video_430,https://www.youtube.com/watch?v=d4uhALYGL00,yourtalk_speaker_430
yourtalk_video_431,https://www.youtube.com/watch?v=_fRkInFm_0U,yourtalk_speaker_431
yourtalk_video_432,https://www.youtube.com/watch?v=swI8pu4WXsc,yourtalk_speaker_432
yourtalk_video_433,https://www.youtube.com/watch?v=LDyLPR-kd6o,yourtalk_speaker_433
yourtalk_video_434,https://www.youtube.com/watch?v=P5iQZwXmU-4,yourtalk_speaker_434
yourtalk_video_435,https://www.youtube.com/watch?v=lRIQkL-Zzwo,yourtalk_speaker_435
yourtalk_video_436,https://www.youtube.com/watch?v=xrKVFZ0P-NE,yourtalk_speaker_436
yourtalk_video_437,https://www.youtube.com/watch?v=fde6SLCOOd4,yourtalk_speaker_437
yourtalk_video_438,https://www.youtube.com/watch?v=aUQj6rB5CXw,yourtalk_speaker_438
yourtalk_video_439,https://www.youtube.com/watch?v=bI7UUp3FTq8,yourtalk_speaker_439
yourtalk_video_440,https://www.youtube.com/watch?v=-__U4lQOMYk,yourtalk_speaker_440
yourtalk_video_441,https://www.youtube.com/watch?v=VQ-_s22arC4,yourtalk_speaker_441
yourtalk_video_442,https://www.youtube.com/watch?v=RaXQ4lJX3EY,yourtalk_speaker_442
yourtalk_video_443,https://www.youtube.com/watch?v=BRyguoOLcCc,yourtalk_speaker_443
yourtalk_video_444,https://www.youtube.com/watch?v=R2HmpJnsxsw,yourtalk_speaker_444
yourtalk_video_445,https://www.youtube.com/watch?v=Xvv4qGw1C40,yourtalk_speaker_445
yourtalk_video_446,https://www.youtube.com/watch?v=f4vUIHkAro4,yourtalk_speaker_446
yourtalk_video_447,https://www.youtube.com/watch?v=-cx2yUVJJMQ,yourtalk_speaker_447
yourtalk_video_448,https://www.youtube.com/watch?v=R6ix4TEfziQ,yourtalk_speaker_448
yourtalk_video_449,https://www.youtube.com/watch?v=UmtTk86Svh8,yourtalk_speaker_449
yourtalk_video_450,https://www.youtube.com/watch?v=cAP7OHiAuyg,yourtalk_speaker_450
yourtalk_video_451,https://www.youtube.com/watch?v=AA_-kOGZfcw,yourtalk_speaker_451
yourtalk_video_452,https://www.youtube.com/watch?v=SmzdX0RFTS4,yourtalk_speaker_452
yourtalk_video_453,https://www.youtube.com/watch?v=eiMla5nBHz8,yourtalk_speaker_453
yourtalk_video_454,https://www.youtube.com/watch?v=xX3S_TKqxkU,yourtalk_speaker_454
yourtalk_video_455,https://www.youtube.com/watch?v=nCdawF7x3E0,yourtalk_speaker_455
yourtalk_video_456,https://www.youtube.com/watch?v=oOB37EL3m-k,yourtalk_speaker_456
yourtalk_video_457,https://www.youtube.com/watch?v=MlGoaTyS33g,yourtalk_speaker_457
yourtalk_video_458,https://www.youtube.com/watch?v=pm16IcpYCmE,yourtalk_speaker_458
yourtalk_video_459,https://www.youtube.com/watch?v=ER7bwh6YRBc,yourtalk_speaker_459
yourtalk_video_460,https://www.youtube.com/watch?v=UrbwSWZfC9w,yourtalk_speaker_460
yourtalk_video_461,https://www.youtube.com/watch?v=R2dkPpISpJk,yourtalk_speaker_461
yourtalk_video_462,https://www.youtube.com/watch?v=Vu0efMGq9mg,yourtalk_speaker_462
yourtalk_video_463,https://www.youtube.com/watch?v=zNHO8jWzbN4,yourtalk_speaker_463
yourtalk_video_464,https://www.youtube.com/watch?v=VKez2pTS4rM,yourtalk_speaker_464
yourtalk_video_465,https://www.youtube.com/watch?v=9c7Z5wlE4wM,yourtalk_speaker_465
yourtalk_video_466,https://www.youtube.com/watch?v=FLnR926oULQ,yourtalk_speaker_466
yourtalk_video_467,https://www.youtube.com/watch?v=lzF8FXsk1y8,yourtalk_speaker_467
yourtalk_video_468,https://www.youtube.com/watch?v=Jk6jVvhv0b8,yourtalk_speaker_468
yourtalk_video_469,https://www.youtube.com/watch?v=NAyJxxW2RRE,yourtalk_speaker_469
yourtalk_video_470,https://www.youtube.com/watch?v=OE_GchkVd0g,yourtalk_speaker_470
yourtalk_video_471,https://www.youtube.com/watch?v=u0FjVWa5jAc,yourtalk_speaker_471
yourtalk_video_472,https://www.youtube.com/watch?v=rewI1oCIl98,yourtalk_speaker_472
yourtalk_video_473,https://www.youtube.com/watch?v=ri-6AwM1uCo,yourtalk_speaker_473
yourtalk_video_474,https://www.youtube.com/watch?v=UFzfuIl-70M,yourtalk_speaker_474
yourtalk_video_475,https://www.youtube.com/watch?v=em-he07FpUI,yourtalk_speaker_475
yourtalk_video_476,https://www.youtube.com/watch?v=W01MYc3QNsY,yourtalk_speaker_476
yourtalk_video_477,https://www.youtube.com/watch?v=kNuxWtNVrjk,yourtalk_speaker_477
yourtalk_video_478,https://www.youtube.com/watch?v=Gxa3EAw4qw4,yourtalk_speaker_478
yourtalk_video_479,https://www.youtube.com/watch?v=Xx-trlNmI60,yourtalk_speaker_479
yourtalk_video_480,https://www.youtube.com/watch?v=EM9SsxVY0_I,yourtalk_speaker_480
yourtalk_video_481,https://www.youtube.com/watch?v=LPnvjiv9OWY,yourtalk_speaker_481
yourtalk_video_482,https://www.youtube.com/watch?v=rKGiqoIHuCA,yourtalk_speaker_482
yourtalk_video_483,https://www.youtube.com/watch?v=Z3FZvaYNhoE,yourtalk_speaker_483
yourtalk_video_484,https://www.youtube.com/watch?v=Nzr0D-ksgKg,yourtalk_speaker_484
yourtalk_video_485,https://www.youtube.com/watch?v=p3L1DjBIhdA,yourtalk_speaker_485
yourtalk_video_486,https://www.youtube.com/watch?v=zWU_m0kbMBo,yourtalk_speaker_486
yourtalk_video_487,https://www.youtube.com/watch?v=lt8iYDTGzH4,yourtalk_speaker_487
yourtalk_video_488,https://www.youtube.com/watch?v=U0Scz4RlJGw,yourtalk_speaker_488
yourtalk_video_489,https://www.youtube.com/watch?v=MhYvYunJGUs,yourtalk_speaker_489
yourtalk_video_490,https://www.youtube.com/watch?v=6bY68oZrIzw,yourtalk_speaker_490
yourtalk_video_491,https://www.youtube.com/watch?v=IXPCYcn2CU4,yourtalk_speaker_491
yourtalk_video_492,https://www.youtube.com/watch?v=Q1tw8ocEtVE,yourtalk_speaker_492
yourtalk_video_493,https://www.youtube.com/watch?v=t62NOkOFV3Y,yourtalk_speaker_493
yourtalk_video_494,https://www.youtube.com/watch?v=_fpQK-FyPa4,yourtalk_speaker_494
yourtalk_video_495,https://www.youtube.com/watch?v=3jYR9jlnMFk,yourtalk_speaker_495
yourtalk_video_496,https://www.youtube.com/watch?v=5GdznbNwaYA,yourtalk_speaker_496
yourtalk_video_497,https://www.youtube.com/watch?v=NBbB9V5xEWY,yourtalk_speaker_497
yourtalk_video_498,https://www.youtube.com/watch?v=12MiHpw4rT4,yourtalk_speaker_498
yourtalk_video_499,https://www.youtube.com/watch?v=7iK7EA8Q0RQ,yourtalk_speaker_499
yourtalk_video_500,https://www.youtube.com/watch?v=V_pRqo7Xnm0,yourtalk_speaker_500
yourtalk_video_501,https://www.youtube.com/watch?v=i39K0y94Gb8,yourtalk_speaker_501
yourtalk_video_502,https://www.youtube.com/watch?v=Oe-b_41Mf1Q,yourtalk_speaker_502
yourtalk_video_503,https://www.youtube.com/watch?v=GV4y5q1RHh8,yourtalk_speaker_503
yourtalk_video_504,https://www.youtube.com/watch?v=hSJra7-fjh4,yourtalk_speaker_504
yourtalk_video_505,https://www.youtube.com/watch?v=B1AX9EvuUqM,yourtalk_speaker_505
yourtalk_video_506,https://www.youtube.com/watch?v=PrY8AoObSsA,yourtalk_speaker_506
yourtalk_video_507,https://www.youtube.com/watch?v=JoH1Txq1D3o,yourtalk_speaker_507
yourtalk_video_508,https://www.youtube.com/watch?v=i-j_uqwxWoE,yourtalk_speaker_508
yourtalk_video_509,https://www.youtube.com/watch?v=wTDYOEsEp18,yourtalk_speaker_509
yourtalk_video_510,https://www.youtube.com/watch?v=SdQPgSi_TPM,yourtalk_speaker_510
yourtalk_video_511,https://www.youtube.com/watch?v=QTbevCrbgVU,yourtalk_speaker_511
yourtalk_video_512,https://www.youtube.com/watch?v=3i2ZGFmFZYw,yourtalk_speaker_512
yourtalk_video_513,https://www.youtube.com/watch?v=jLrUDmMi7Iw,yourtalk_speaker_513
yourtalk_video_514,https://www.youtube.com/watch?v=9VKswylnh8Y,yourtalk_speaker_514
yourtalk_video_515,https://www.youtube.com/watch?v=CVMNqhF6K8A,yourtalk_speaker_515
yourtalk_video_516,https://www.youtube.com/watch?v=Oc7XcP359Gg,yourtalk_speaker_516
yourtalk_video_517,https://www.youtube.com/watch?v=xojCQwgaX_8,yourtalk_speaker_517
yourtalk_video_518,https://www.youtube.com/watch?v=jo70xv2bm2s,yourtalk_speaker_518
yourtalk_video_519,https://www.youtube.com/watch?v=1J_yZptAX8s,yourtalk_speaker_519
yourtalk_video_520,https://www.youtube.com/watch?v=X3oG2yE7Lsg,yourtalk_speaker_520
yourtalk_video_521,https://www.youtube.com/watch?v=JXA9Bgi-upM,yourtalk_speaker_521
yourtalk_video_522,https://www.youtube.com/watch?v=x4eqev05Apw,yourtalk_speaker_522
yourtalk_video_523,https://www.youtube.com/watch?v=G4z9JYdQ2aE,yourtalk_speaker_523
yourtalk_video_524,https://www.youtube.com/watch?v=6p9lGnEHy8Q,yourtalk_speaker_524
yourtalk_video_525,https://www.youtube.com/watch?v=nq_qvD5joo8,yourtalk_speaker_525
yourtalk_video_526,https://www.youtube.com/watch?v=hOBEpRoRN-Q,yourtalk_speaker_526
yourtalk_video_527,https://www.youtube.com/watch?v=hRRvYxFjDgk,yourtalk_speaker_527
yourtalk_video_528,https://www.youtube.com/watch?v=oi6TLe9QLS8,yourtalk_speaker_528
yourtalk_video_529,https://www.youtube.com/watch?v=84Aphg99yL4,yourtalk_speaker_529
yourtalk_video_530,https://www.youtube.com/watch?v=FsbsCJLODs8,yourtalk_speaker_530
yourtalk_video_531,https://www.youtube.com/watch?v=LuEPL7Yq3c4,yourtalk_speaker_531
yourtalk_video_532,https://www.youtube.com/watch?v=64UbNW96zUY,yourtalk_speaker_532
yourtalk_video_533,https://www.youtube.com/watch?v=V0NhsOgbjl8,yourtalk_speaker_533
yourtalk_video_534,https://www.youtube.com/watch?v=1V5jf8CB5BQ,yourtalk_speaker_534
yourtalk_video_535,https://www.youtube.com/watch?v=2DNt6TKN1ws,yourtalk_speaker_535
yourtalk_video_536,https://www.youtube.com/watch?v=jt3EjIPW9n8,yourtalk_speaker_536
yourtalk_video_537,https://www.youtube.com/watch?v=fIXJ1U2rsO8,yourtalk_speaker_537
yourtalk_video_538,https://www.youtube.com/watch?v=cCnKfaWUImk,yourtalk_speaker_538
yourtalk_video_539,https://www.youtube.com/watch?v=Zz4p4YX8lC4,yourtalk_speaker_539
yourtalk_video_540,https://www.youtube.com/watch?v=64uM9b-BFM0,yourtalk_speaker_540
yourtalk_video_541,https://www.youtube.com/watch?v=CF3mKeBsWlE,yourtalk_speaker_541
yourtalk_video_542,https://www.youtube.com/watch?v=0SJDd2Di0xo,yourtalk_speaker_542
yourtalk_video_543,https://www.youtube.com/watch?v=VWQghEefmz0,yourtalk_speaker_543
yourtalk_video_544,https://www.youtube.com/watch?v=nxo-RgOCht0,yourtalk_speaker_544
yourtalk_video_545,https://www.youtube.com/watch?v=4mMtuyxzBFM,yourtalk_speaker_545
yourtalk_video_546,https://www.youtube.com/watch?v=N807PajEHIM,yourtalk_speaker_546
yourtalk_video_547,https://www.youtube.com/watch?v=7-s9rr5ezyI,yourtalk_speaker_547
yourtalk_video_548,https://www.youtube.com/watch?v=zgyrHIkVcP8,yourtalk_speaker_548
yourtalk_video_549,https://www.youtube.com/watch?v=mlGKFtAmhlE,yourtalk_speaker_549
yourtalk_video_550,https://www.youtube.com/watch?v=9vP_kt9Zq1A,yourtalk_speaker_550
yourtalk_video_551,https://www.youtube.com/watch?v=8RxWLh735XU,yourtalk_speaker_551
yourtalk_video_552,https://www.youtube.com/watch?v=t2A4Dv9P1Ic,yourtalk_speaker_552
yourtalk_video_553,https://www.youtube.com/watch?v=oYn_SSFtk2w,yourtalk_speaker_553
yourtalk_video_554,https://www.youtube.com/watch?v=lJV8OWlM5rY,yourtalk_speaker_554
yourtalk_video_555,https://www.youtube.com/watch?v=BNKLMWfFeo4,yourtalk_speaker_555
yourtalk_video_556,https://www.youtube.com/watch?v=uzK-fZq0QJE,yourtalk_speaker_556
yourtalk_video_557,https://www.youtube.com/watch?v=hRLCjtC4yls,yourtalk_speaker_557
yourtalk_video_558,https://www.youtube.com/watch?v=TqgJIxIoBA8,yourtalk_speaker_558
yourtalk_video_559,https://www.youtube.com/watch?v=jMjVlBjeEq8,yourtalk_speaker_559
yourtalk_video_560,https://www.youtube.com/watch?v=UrUY5hEFxyo,yourtalk_speaker_560
yourtalk_video_561,https://www.youtube.com/watch?v=CER8LibChQE,yourtalk_speaker_561
yourtalk_video_562,https://www.youtube.com/watch?v=GBlsqRnM8VY,yourtalk_speaker_562
yourtalk_video_563,https://www.youtube.com/watch?v=WTlHnm7yfgA,yourtalk_speaker_563
yourtalk_video_564,https://www.youtube.com/watch?v=ftMDoH8lobw,yourtalk_speaker_564
yourtalk_video_565,https://www.youtube.com/watch?v=lWhdjANEj4k,yourtalk_speaker_565
yourtalk_video_566,https://www.youtube.com/watch?v=w5AlPLXP-6o,yourtalk_speaker_566
yourtalk_video_567,https://www.youtube.com/watch?v=mS2A5a6vhI8,yourtalk_speaker_567
yourtalk_video_568,https://www.youtube.com/watch?v=69Kh8ktoQtQ,yourtalk_speaker_568
yourtalk_video_569,https://www.youtube.com/watch?v=5jxl9pN9YqI,yourtalk_speaker_569
yourtalk_video_570,https://www.youtube.com/watch?v=WXkjHITkoD0,yourtalk_speaker_570
yourtalk_video_571,https://www.youtube.com/watch?v=aOiKkIgMayc,yourtalk_speaker_571
yourtalk_video_572,https://www.youtube.com/watch?v=BB6oB2TeLFc,yourtalk_speaker_572
yourtalk_video_573,https://www.youtube.com/watch?v=9EsgkK30sgE,yourtalk_speaker_573
yourtalk_video_574,https://www.youtube.com/watch?v=WbsLfVFTFqo,yourtalk_speaker_574
yourtalk_video_575,https://www.youtube.com/watch?v=iKVhBibrmNQ,yourtalk_speaker_575
yourtalk_video_576,https://www.youtube.com/watch?v=d0gqOKdPb1k,yourtalk_speaker_576
yourtalk_video_577,https://www.youtube.com/watch?v=PjZxJjKmY2s,yourtalk_speaker_577
yourtalk_video_578,https://www.youtube.com/watch?v=8Bh4IZmt5ls,yourtalk_speaker_578
yourtalk_video_579,https://www.youtube.com/watch?v=iGfDJahYXoY,yourtalk_speaker_579
yourtalk_video_580,https://www.youtube.com/watch?v=luy9ySRlx00,yourtalk_speaker_580
yourtalk_video_581,https://www.youtube.com/watch?v=fbCrfbGyef8,yourtalk_speaker_581
yourtalk_video_582,https://www.youtube.com/watch?v=oueRTHDOT0E,yourtalk_speaker_582
yourtalk_video_583,https://www.youtube.com/watch?v=_mjDJQ1fe5s,yourtalk_speaker_583
yourtalk_video_584,https://www.youtube.com/watch?v=i5q934s-A7M,yourtalk_speaker_584
yourtalk_video_585,https://www.youtube.com/watch?v=sJ2aHy-35Pg,yourtalk_speaker_585
yourtalk_video_586,https://www.youtube.com/watch?v=uhwr4Mwvlng,yourtalk_speaker_586
yourtalk_video_587,https://www.youtube.com/watch?v=a_X0YoZ8X9M,yourtalk_speaker_587
yourtalk_video_588,https://www.youtube.com/watch?v=5_yekIjmQow,yourtalk_speaker_588
yourtalk_video_589,https://www.youtube.com/watch?v=xErbYCmUfX8,yourtalk_speaker_589
yourtalk_video_590,https://www.youtube.com/watch?v=XhaGrK66mf4,yourtalk_speaker_590
yourtalk_video_591,https://www.youtube.com/watch?v=rtofNCsFtyQ,yourtalk_speaker_591
yourtalk_video_592,https://www.youtube.com/watch?v=6eUNPtS-44w,yourtalk_speaker_592
yourtalk_video_593,https://www.youtube.com/watch?v=glhzjwFA15A,yourtalk_speaker_593
yourtalk_video_594,https://www.youtube.com/watch?v=diMSUBMtuIc,yourtalk_speaker_594
yourtalk_video_595,https://www.youtube.com/watch?v=ZNVVeecmKhM,yourtalk_speaker_595
yourtalk_video_596,https://www.youtube.com/watch?v=bm3aEDMuml4,yourtalk_speaker_596
yourtalk_video_597,https://www.youtube.com/watch?v=TPXyUcytfrU,yourtalk_speaker_597
yourtalk_video_598,https://www.youtube.com/watch?v=rWtMlZlsjyI,yourtalk_speaker_598
yourtalk_video_599,https://www.youtube.com/watch?v=uwe3-11Jw-c,yourtalk_speaker_599
yourtalk_video_600,https://www.youtube.com/watch?v=swuNOqaDFfU,yourtalk_speaker_600
yourtalk_video_601,https://www.youtube.com/watch?v=dW2EpNo2px4,yourtalk_speaker_601
yourtalk_video_602,https://www.youtube.com/watch?v=ohZ2aYJtlw4,yourtalk_speaker_602
yourtalk_video_603,https://www.youtube.com/watch?v=ZqOwsY_pybo,yourtalk_speaker_603
yourtalk_video_604,https://www.youtube.com/watch?v=r8bALn6jOtU,yourtalk_speaker_604
yourtalk_video_605,https://www.youtube.com/watch?v=XKmfesuL6bo,yourtalk_speaker_605
yourtalk_video_606,https://www.youtube.com/watch?v=4g1UgeW1bPw,yourtalk_speaker_606
yourtalk_video_607,https://www.youtube.com/watch?v=SmhYearNTaY,yourtalk_speaker_607
yourtalk_video_608,https://www.youtube.com/watch?v=lwqC_Wboqo8,yourtalk_speaker_608
yourtalk_video_609,https://www.youtube.com/watch?v=KPJPsApSezk,yourtalk_speaker_609
yourtalk_video_610,https://www.youtube.com/watch?v=dYPFKPFm-UQ,yourtalk_speaker_610
yourtalk_video_611,https://www.youtube.com/watch?v=j9sFdPVD5ms,yourtalk_speaker_611
yourtalk_video_612,https://www.youtube.com/watch?v=lJquuqYtvls,yourtalk_speaker_612
yourtalk_video_613,https://www.youtube.com/watch?v=3Zyto0M8rNc,yourtalk_speaker_613
yourtalk_video_614,https://www.youtube.com/watch?v=KNvanghMkx8,yourtalk_speaker_614
yourtalk_video_615,https://www.youtube.com/watch?v=6iK-Zkpo27g,yourtalk_speaker_615
yourtalk_video_616,https://www.youtube.com/watch?v=FZ5B3J8ZPN4,yourtalk_speaker_616
yourtalk_video_617,https://www.youtube.com/watch?v=N_i58EU1u9E,yourtalk_speaker_617
yourtalk_video_618,https://www.youtube.com/watch?v=JphHQOnWUws,yourtalk_speaker_618
yourtalk_video_619,https://www.youtube.com/watch?v=X78j2NHNiLA,yourtalk_speaker_619
yourtalk_video_620,https://www.youtube.com/watch?v=cvirMI6t6CI,yourtalk_speaker_620
yourtalk_video_621,https://www.youtube.com/watch?v=eX7_vBMefFg,yourtalk_speaker_621
yourtalk_video_622,https://www.youtube.com/watch?v=T5-qH0Fv4RM,yourtalk_speaker_622
yourtalk_video_623,https://www.youtube.com/watch?v=v4HrpPKJHhk,yourtalk_speaker_623
yourtalk_video_624,https://www.youtube.com/watch?v=NM0SW5z5Dag,yourtalk_speaker_624
yourtalk_video_625,https://www.youtube.com/watch?v=rQWpj4tWUYk,yourtalk_speaker_625
yourtalk_video_626,https://www.youtube.com/watch?v=veUSp4-MPGE,yourtalk_speaker_626
yourtalk_video_627,https://www.youtube.com/watch?v=xhWhdkoTiCI,yourtalk_speaker_627
yourtalk_video_628,https://www.youtube.com/watch?v=d8bN8EUcis8,yourtalk_speaker_628
yourtalk_video_629,https://www.youtube.com/watch?v=ShxJczoqLoo,yourtalk_speaker_629
yourtalk_video_630,https://www.youtube.com/watch?v=rgIUbj7eoU4,yourtalk_speaker_630
yourtalk_video_631,https://www.youtube.com/watch?v=Vuocf57IJaM,yourtalk_speaker_631
yourtalk_video_632,https://www.youtube.com/watch?v=ycEj4NuozRs,yourtalk_speaker_632
yourtalk_video_633,https://www.youtube.com/watch?v=90XqcpUOunU,yourtalk_speaker_633
yourtalk_video_634,https://www.youtube.com/watch?v=vKcZ7_WyWZ0,yourtalk_speaker_634
yourtalk_video_635,https://www.youtube.com/watch?v=Pt_ZxnSZxgA,yourtalk_speaker_635
yourtalk_video_636,https://www.youtube.com/watch?v=BUfVbP8vD24,yourtalk_speaker_636
yourtalk_video_637,https://www.youtube.com/watch?v=U3rJmCMW2CE,yourtalk_speaker_637
yourtalk_video_638,https://www.youtube.com/watch?v=aGprz_CN2qg,yourtalk_speaker_638
yourtalk_video_639,https://www.youtube.com/watch?v=JNAEVwUuzxs,yourtalk_speaker_639
yourtalk_video_640,https://www.youtube.com/watch?v=PX4MGt0Qu-I,yourtalk_speaker_640
yourtalk_video_641,https://www.youtube.com/watch?v=uCLsnGp47xI,yourtalk_speaker_641
yourtalk_video_642,https://www.youtube.com/watch?v=YlfLQ44xYRs,yourtalk_speaker_642
yourtalk_video_643,https://www.youtube.com/watch?v=9Iat-_UMMdA,yourtalk_speaker_643
yourtalk_video_644,https://www.youtube.com/watch?v=CqWC7OtwtQs,yourtalk_speaker_644
yourtalk_video_645,https://www.youtube.com/watch?v=QFlLxeGAqck,yourtalk_speaker_645
yourtalk_video_646,https://www.youtube.com/watch?v=kFivtrPAM80,yourtalk_speaker_646
yourtalk_video_647,https://www.youtube.com/watch?v=vujJl1MJMkE,yourtalk_speaker_647
yourtalk_video_648,https://www.youtube.com/watch?v=xo4TN-xdN6I,yourtalk_speaker_648
yourtalk_video_649,https://www.youtube.com/watch?v=n9aNiMCOSqk,yourtalk_speaker_649
yourtalk_video_650,https://www.youtube.com/watch?v=s3eQaNOZUWU,yourtalk_speaker_650
yourtalk_video_651,https://www.youtube.com/watch?v=Sn_ts8ZwCOQ,yourtalk_speaker_651
yourtalk_video_652,https://www.youtube.com/watch?v=Sd1QTlEMTMY,yourtalk_speaker_652
yourtalk_video_653,https://www.youtube.com/watch?v=X1Juuwgi6xs,yourtalk_speaker_653
yourtalk_video_654,https://www.youtube.com/watch?v=vg7Q_ZMlYBU,yourtalk_speaker_654
yourtalk_video_655,https://www.youtube.com/watch?v=DsYUFeA-Q14,yourtalk_speaker_655
yourtalk_video_656,https://www.youtube.com/watch?v=cdgMCYMAIUI,yourtalk_speaker_656
yourtalk_video_657,https://www.youtube.com/watch?v=4T-PoSKhBXU,yourtalk_speaker_657
yourtalk_video_658,https://www.youtube.com/watch?v=65-eOApkgSg,yourtalk_speaker_658
yourtalk_video_659,https://www.youtube.com/watch?v=3v5JGXD5PfQ,yourtalk_speaker_659
yourtalk_video_660,https://www.youtube.com/watch?v=dG7GKaTj44w,yourtalk_speaker_660
yourtalk_video_661,https://www.youtube.com/watch?v=ZWJNH5EQpCw,yourtalk_speaker_661
yourtalk_video_662,https://www.youtube.com/watch?v=HRVxRFVokZs,yourtalk_speaker_662
yourtalk_video_663,https://www.youtube.com/watch?v=pqGuvnfpRtc,yourtalk_speaker_663
yourtalk_video_664,https://www.youtube.com/watch?v=YtCO6ySMJKw,yourtalk_speaker_664
yourtalk_video_665,https://www.youtube.com/watch?v=xxrsmOX7d9g,yourtalk_speaker_665
yourtalk_video_666,https://www.youtube.com/watch?v=EQcHhJM5vyE,yourtalk_speaker_666
yourtalk_video_667,https://www.youtube.com/watch?v=xXuxAM9AyG0,yourtalk_speaker_667
yourtalk_video_668,https://www.youtube.com/watch?v=cbQfAPaZikI,yourtalk_speaker_668
yourtalk_video_669,https://www.youtube.com/watch?v=wfAhem1otGQ,yourtalk_speaker_669
yourtalk_video_670,https://www.youtube.com/watch?v=ZgRFad1MEhU,yourtalk_speaker_670
yourtalk_video_671,https://www.youtube.com/watch?v=nYgUZ7LxazE,yourtalk_speaker_671
yourtalk_video_672,https://www.youtube.com/watch?v=r2C2fWVKnOU,yourtalk_speaker_672
yourtalk_video_673,https://www.youtube.com/watch?v=jR_6i4OLras,yourtalk_speaker_673
yourtalk_video_674,https://www.youtube.com/watch?v=-CyV0ezEhYo,yourtalk_speaker_674
yourtalk_video_675,https://www.youtube.com/watch?v=atW9gL78Zao,yourtalk_speaker_675
yourtalk_video_676,https://www.youtube.com/watch?v=Lslc_Mq4Q-o,yourtalk_speaker_676
yourtalk_video_677,https://www.youtube.com/watch?v=3HdLZmnqoZc,yourtalk_speaker_677
yourtalk_video_678,https://www.youtube.com/watch?v=LH-0VceVjzg,yourtalk_speaker_678
yourtalk_video_679,https://www.youtube.com/watch?v=Vui55uhar3U,yourtalk_speaker_679
yourtalk_video_680,https://www.youtube.com/watch?v=4enrHc8Ipoc,yourtalk_speaker_680
yourtalk_video_681,https://www.youtube.com/watch?v=RPO7poDWLc0,yourtalk_speaker_681
yourtalk_video_682,https://www.youtube.com/watch?v=4CBiV3zjhjU,yourtalk_speaker_682
yourtalk_video_683,https://www.youtube.com/watch?v=FjAHKrvVPwQ,yourtalk_speaker_683
yourtalk_video_684,https://www.youtube.com/watch?v=zzjl20WquIM,yourtalk_speaker_684
yourtalk_video_685,https://www.youtube.com/watch?v=ypYf_Z70Ovw,yourtalk_speaker_685
yourtalk_video_686,https://www.youtube.com/watch?v=oURJAwMCps4,yourtalk_speaker_686
yourtalk_video_687,https://www.youtube.com/watch?v=c9f4aouoBIk,yourtalk_speaker_687
yourtalk_video_688,https://www.youtube.com/watch?v=U6x8E4srsRA,yourtalk_speaker_688
yourtalk_video_689,https://www.youtube.com/watch?v=Sesyd-IsBrk,yourtalk_speaker_689
yourtalk_video_690,https://www.youtube.com/watch?v=S3BNk8LRtdA,yourtalk_speaker_690
yourtalk_video_691,https://www.youtube.com/watch?v=sOkthxcgt4E,yourtalk_speaker_691
yourtalk_video_692,https://www.youtube.com/watch?v=KaUaRmL9oAA,yourtalk_speaker_692
yourtalk_video_693,https://www.youtube.com/watch?v=Nbutfrd5Rh4,yourtalk_speaker_693
yourtalk_video_694,https://www.youtube.com/watch?v=9-pxVZ9Ni1M,yourtalk_speaker_694
yourtalk_video_695,https://www.youtube.com/watch?v=YhGSIYYHjDA,yourtalk_speaker_695
yourtalk_video_696,https://www.youtube.com/watch?v=65-K8p8aAlI,yourtalk_speaker_696
yourtalk_video_697,https://www.youtube.com/watch?v=2soPXyWRoK4,yourtalk_speaker_697
yourtalk_video_698,https://www.youtube.com/watch?v=fh8HW6LpXkg,yourtalk_speaker_698
yourtalk_video_699,https://www.youtube.com/watch?v=nTRCdkRGLbg,yourtalk_speaker_699
yourtalk_video_700,https://www.youtube.com/watch?v=7w6VLiNduHw,yourtalk_speaker_700
yourtalk_video_701,https://www.youtube.com/watch?v=avy513BvdVo,yourtalk_speaker_701
yourtalk_video_702,https://www.youtube.com/watch?v=mIr6VfprZ9I,yourtalk_speaker_702
yourtalk_video_703,https://www.youtube.com/watch?v=9WugHtp5DFk,yourtalk_speaker_703
yourtalk_video_704,https://www.youtube.com/watch?v=D1ItthdUnmY,yourtalk_speaker_704
yourtalk_video_705,https://www.youtube.com/watch?v=B5Y_spKx13U,yourtalk_speaker_705
yourtalk_video_706,https://www.youtube.com/watch?v=KPS7nAottVs,yourtalk_speaker_706
yourtalk_video_707,https://www.youtube.com/watch?v=3LpS1tDmKrs,yourtalk_speaker_707
yourtalk_video_708,https://www.youtube.com/watch?v=YlPEP24P1yQ,yourtalk_speaker_708
yourtalk_video_709,https://www.youtube.com/watch?v=Ag_eMGBQzmE,yourtalk_speaker_709
yourtalk_video_710,https://www.youtube.com/watch?v=j1hKzrwIuNg,yourtalk_speaker_710
yourtalk_video_711,https://www.youtube.com/watch?v=qzd6RhBJEnA,yourtalk_speaker_711
yourtalk_video_712,https://www.youtube.com/watch?v=11viHPTFoY8,yourtalk_speaker_712
yourtalk_video_713,https://www.youtube.com/watch?v=eENr-jRJXto,yourtalk_speaker_713
yourtalk_video_714,https://www.youtube.com/watch?v=VM5-bigZX-w,yourtalk_speaker_714
yourtalk_video_715,https://www.youtube.com/watch?v=t3b7HxB3ESU,yourtalk_speaker_715
yourtalk_video_716,https://www.youtube.com/watch?v=jSy7FJHn3O4,yourtalk_speaker_716
yourtalk_video_717,https://www.youtube.com/watch?v=PaSXXCvKQK4,yourtalk_speaker_717
yourtalk_video_718,https://www.youtube.com/watch?v=5wqDwsKrfA8,yourtalk_speaker_718
yourtalk_video_719,https://www.youtube.com/watch?v=0BvsbrblUcM,yourtalk_speaker_719
yourtalk_video_720,https://www.youtube.com/watch?v=KDyJnecznh0,yourtalk_speaker_720
yourtalk_video_721,https://www.youtube.com/watch?v=gXt9echNdFQ,yourtalk_speaker_721
yourtalk_video_722,https://www.youtube.com/watch?v=oTf6vUqyrPw,yourtalk_speaker_722
yourtalk_video_723,https://www.youtube.com/watch?v=0ui6c9kNGDY,yourtalk_speaker_723
yourtalk_video_724,https://www.youtube.com/watch?v=Ce20ZG792vc,yourtalk_speaker_724
yourtalk_video_725,https://www.youtube.com/watch?v=ljqnTRtS6Sw,yourtalk_speaker_725
yourtalk_video_726,https://www.youtube.com/watch?v=3ibNLPlv4ug,yourtalk_speaker_726
yourtalk_video_727,https://www.youtube.com/watch?v=lSlko2-29mQ,yourtalk_speaker_727
yourtalk_video_728,https://www.youtube.com/watch?v=7UEceRgMUKs,yourtalk_speaker_728
yourtalk_video_729,https://www.youtube.com/watch?v=3gjnfyHEJ6w,yourtalk_speaker_729
yourtalk_video_730,https://www.youtube.com/watch?v=H7h0ggljs1M,yourtalk_speaker_730
yourtalk_video_731,https://www.youtube.com/watch?v=xWlmPGQxUK4,yourtalk_speaker_731
yourtalk_video_732,https://www.youtube.com/watch?v=27s-oxbP7xM,yourtalk_speaker_732
yourtalk_video_733,https://www.youtube.com/watch?v=MFxIto1oC1w,yourtalk_speaker_733
yourtalk_video_734,https://www.youtube.com/watch?v=JmWDhdsDOEY,yourtalk_speaker_734
yourtalk_video_735,https://www.youtube.com/watch?v=ql0YhS2vRDw,yourtalk_speaker_735
yourtalk_video_736,https://www.youtube.com/watch?v=g2mq02FimVs,yourtalk_speaker_736
yourtalk_video_737,https://www.youtube.com/watch?v=6vhM-4hCPxk,yourtalk_speaker_737
yourtalk_video_738,https://www.youtube.com/watch?v=YVC6L7JbVks,yourtalk_speaker_738
yourtalk_video_739,https://www.youtube.com/watch?v=dVyoY5X9b30,yourtalk_speaker_739
yourtalk_video_740,https://www.youtube.com/watch?v=ZdeEZPbdy8g,yourtalk_speaker_740
yourtalk_video_741,https://www.youtube.com/watch?v=6mewg3npeuY,yourtalk_speaker_741
yourtalk_video_742,https://www.youtube.com/watch?v=xxso5qcP49s,yourtalk_speaker_742
yourtalk_video_743,https://www.youtube.com/watch?v=iXZ8lbfCgOM,yourtalk_speaker_743
yourtalk_video_744,https://www.youtube.com/watch?v=jUQ7eXNJNoY,yourtalk_speaker_744
yourtalk_video_745,https://www.youtube.com/watch?v=8LQxh9-QdC8,yourtalk_speaker_745
yourtalk_video_746,https://www.youtube.com/watch?v=sgrDw1IBX_g,yourtalk_speaker_746
yourtalk_video_747,https://www.youtube.com/watch?v=7gusflSu5Jg,yourtalk_speaker_747
yourtalk_video_748,https://www.youtube.com/watch?v=_QKSSPDbwdU,yourtalk_speaker_748
yourtalk_video_749,https://www.youtube.com/watch?v=Sb_nZJxph9k,yourtalk_speaker_749
yourtalk_video_750,https://www.youtube.com/watch?v=ymloduc9lzg,yourtalk_speaker_750
yourtalk_video_751,https://www.youtube.com/watch?v=Yy5Akt2gbs4,yourtalk_speaker_751
yourtalk_video_752,https://www.youtube.com/watch?v=_8_yIFdFzi0,yourtalk_speaker_752
yourtalk_video_753,https://www.youtube.com/watch?v=0_X10PDmlUE,yourtalk_speaker_753
yourtalk_video_754,https://www.youtube.com/watch?v=_RYphoZ6gLg,yourtalk_speaker_754
yourtalk_video_755,https://www.youtube.com/watch?v=_EYVFHsId8o,yourtalk_speaker_755
yourtalk_video_756,https://www.youtube.com/watch?v=7v9xCWFJS9I,yourtalk_speaker_756
yourtalk_video_757,https://www.youtube.com/watch?v=o6xCVvrCQ9k,yourtalk_speaker_757
yourtalk_video_758,https://www.youtube.com/watch?v=klT4RupQyQ0,yourtalk_speaker_758
yourtalk_video_759,https://www.youtube.com/watch?v=VeCGE4XgwL8,yourtalk_speaker_759
yourtalk_video_760,https://www.youtube.com/watch?v=actOqIbbWqw,yourtalk_speaker_760
yourtalk_video_761,https://www.youtube.com/watch?v=YOzKTkuLx5k,yourtalk_speaker_761
yourtalk_video_762,https://www.youtube.com/watch?v=LXCJb-sw364,yourtalk_speaker_762
yourtalk_video_763,https://www.youtube.com/watch?v=fJrDIoI5HeI,yourtalk_speaker_763
yourtalk_video_764,https://www.youtube.com/watch?v=a08bfpngTW8,yourtalk_speaker_764
yourtalk_video_765,https://www.youtube.com/watch?v=Am0CMffhmNU,yourtalk_speaker_765
yourtalk_video_766,https://www.youtube.com/watch?v=U7XEpCrnDAU,yourtalk_speaker_766
yourtalk_video_767,https://www.youtube.com/watch?v=a6vvpCkQzYI,yourtalk_speaker_767
yourtalk_video_768,https://www.youtube.com/watch?v=z546Spm9bB4,yourtalk_speaker_768
yourtalk_video_769,https://www.youtube.com/watch?v=DiVaXJS5oGo,yourtalk_speaker_769
yourtalk_video_770,https://www.youtube.com/watch?v=hFqpbDsyWoQ,yourtalk_speaker_770
yourtalk_video_771,https://www.youtube.com/watch?v=N-amk_lrTII,yourtalk_speaker_771
yourtalk_video_772,https://www.youtube.com/watch?v=NoE1qaBAKwc,yourtalk_speaker_772
yourtalk_video_773,https://www.youtube.com/watch?v=l0jRriPiq5w,yourtalk_speaker_773
yourtalk_video_774,https://www.youtube.com/watch?v=k81W4LF_ZqY,yourtalk_speaker_774
yourtalk_video_775,https://www.youtube.com/watch?v=AGYtfoA2lZg,yourtalk_speaker_775
yourtalk_video_776,https://www.youtube.com/watch?v=R2z-eTmx-Q0,yourtalk_speaker_776
yourtalk_video_777,https://www.youtube.com/watch?v=f86zR8vumWQ,yourtalk_speaker_777
yourtalk_video_778,https://www.youtube.com/watch?v=ryQ4KqR4Zlo,yourtalk_speaker_778
yourtalk_video_779,https://www.youtube.com/watch?v=1mHdeyifGMU,yourtalk_speaker_779
yourtalk_video_780,https://www.youtube.com/watch?v=K1f0cNbWr_c,yourtalk_speaker_780
yourtalk_video_781,https://www.youtube.com/watch?v=qepVbs-WWT8,yourtalk_speaker_781
yourtalk_video_782,https://www.youtube.com/watch?v=yCJmNe88RIM,yourtalk_speaker_782
yourtalk_video_783,https://www.youtube.com/watch?v=naDPwg50pEY,yourtalk_speaker_783
yourtalk_video_784,https://www.youtube.com/watch?v=FrNAut6YUoM,yourtalk_speaker_784
yourtalk_video_785,https://www.youtube.com/watch?v=RCZE5zgDtq8,yourtalk_speaker_785
yourtalk_video_786,https://www.youtube.com/watch?v=gB4-oxXn0PA,yourtalk_speaker_786
yourtalk_video_787,https://www.youtube.com/watch?v=vKb30Whv7PY,yourtalk_speaker_787
yourtalk_video_788,https://www.youtube.com/watch?v=7F25Dn7q2I4,yourtalk_speaker_788
yourtalk_video_789,https://www.youtube.com/watch?v=zlomJKjR_QM,yourtalk_speaker_789
yourtalk_video_790,https://www.youtube.com/watch?v=y6kMZbs-CGM,yourtalk_speaker_790
yourtalk_video_791,https://www.youtube.com/watch?v=Rd_b61A9ouc,yourtalk_speaker_791
yourtalk_video_792,https://www.youtube.com/watch?v=x8tuZOlY8Ig,yourtalk_speaker_792
yourtalk_video_793,https://www.youtube.com/watch?v=ZhmH8-Uz1Uw,yourtalk_speaker_793
yourtalk_video_794,https://www.youtube.com/watch?v=dgg9yObz4iQ,yourtalk_speaker_794
yourtalk_video_795,https://www.youtube.com/watch?v=R1-k1LlaZwM,yourtalk_speaker_795
yourtalk_video_796,https://www.youtube.com/watch?v=7kAzLWFuajc,yourtalk_speaker_796
yourtalk_video_797,https://www.youtube.com/watch?v=GWjS5DQyzMk,yourtalk_speaker_797
yourtalk_video_798,https://www.youtube.com/watch?v=GrxJZ4PSTu4,yourtalk_speaker_798
yourtalk_video_799,https://www.youtube.com/watch?v=diJmN2dtIXk,yourtalk_speaker_799
yourtalk_video_800,https://www.youtube.com/watch?v=frPLO1LGARM,yourtalk_speaker_800
yourtalk_video_801,https://www.youtube.com/watch?v=3InX1GvzAxU,yourtalk_speaker_801
yourtalk_video_802,https://www.youtube.com/watch?v=jDifhK53JcM,yourtalk_speaker_802
yourtalk_video_803,https://www.youtube.com/watch?v=tdYPtUPLm4Y,yourtalk_speaker_803
yourtalk_video_804,https://www.youtube.com/watch?v=7sxVAjILhhM,yourtalk_speaker_804
yourtalk_video_805,https://www.youtube.com/watch?v=Wo4zp2bmkTQ,yourtalk_speaker_805
yourtalk_video_806,https://www.youtube.com/watch?v=j0NIGRPZmfs,yourtalk_speaker_806
yourtalk_video_807,https://www.youtube.com/watch?v=aDt-hRzXJaI,yourtalk_speaker_807
yourtalk_video_808,https://www.youtube.com/watch?v=wkz00CVhiLM,yourtalk_speaker_808
yourtalk_video_809,https://www.youtube.com/watch?v=n8_YRZDfL6I,yourtalk_speaker_809
yourtalk_video_810,https://www.youtube.com/watch?v=yj6dvAjHA3E,yourtalk_speaker_810
yourtalk_video_811,https://www.youtube.com/watch?v=RFYy8QTT0uc,yourtalk_speaker_811
yourtalk_video_812,https://www.youtube.com/watch?v=qz4H5tT3lXY,yourtalk_speaker_812
yourtalk_video_813,https://www.youtube.com/watch?v=8LN7fLO53S4,yourtalk_speaker_813
yourtalk_video_814,https://www.youtube.com/watch?v=595p2AE3P9Q,yourtalk_speaker_814
yourtalk_video_815,https://www.youtube.com/watch?v=6TJeXOHYn7A,yourtalk_speaker_815
yourtalk_video_816,https://www.youtube.com/watch?v=k9lvabkEO34,yourtalk_speaker_816
yourtalk_video_817,https://www.youtube.com/watch?v=X6tXwJgA_0s,yourtalk_speaker_817
yourtalk_video_818,https://www.youtube.com/watch?v=JQ-RhhAC-eM,yourtalk_speaker_818
yourtalk_video_819,https://www.youtube.com/watch?v=4JeKDzeGg0g,yourtalk_speaker_819
yourtalk_video_820,https://www.youtube.com/watch?v=YRhJDTBLqrw,yourtalk_speaker_820
yourtalk_video_821,https://www.youtube.com/watch?v=iKcZsq2RHpY,yourtalk_speaker_821
yourtalk_video_822,https://www.youtube.com/watch?v=Qn8UCPhTmds,yourtalk_speaker_822
yourtalk_video_823,https://www.youtube.com/watch?v=XNIlxTRn2KI,yourtalk_speaker_823
yourtalk_video_824,https://www.youtube.com/watch?v=SVM5I5wGyIY,yourtalk_speaker_824
yourtalk_video_825,https://www.youtube.com/watch?v=KRj5A0xE62A,yourtalk_speaker_825
yourtalk_video_826,https://www.youtube.com/watch?v=fQQTT0wSTWY,yourtalk_speaker_826
yourtalk_video_827,https://www.youtube.com/watch?v=TFKbmQfroqs,yourtalk_speaker_827
yourtalk_video_828,https://www.youtube.com/watch?v=zLNo-h-l6s0,yourtalk_speaker_828
yourtalk_video_829,https://www.youtube.com/watch?v=bdndg0-lH30,yourtalk_speaker_829
yourtalk_video_830,https://www.youtube.com/watch?v=s0CnFSnzLZc,yourtalk_speaker_830
yourtalk_video_831,https://www.youtube.com/watch?v=LqgHCyjrijs,yourtalk_speaker_831
yourtalk_video_832,https://www.youtube.com/watch?v=5O3VOSyIqh8,yourtalk_speaker_832
yourtalk_video_833,https://www.youtube.com/watch?v=Q7I4_FnlgBE,yourtalk_speaker_833
yourtalk_video_834,https://www.youtube.com/watch?v=97aFHa7nF4M,yourtalk_speaker_834
yourtalk_video_835,https://www.youtube.com/watch?v=5aO_lcsTSQw,yourtalk_speaker_835
yourtalk_video_836,https://www.youtube.com/watch?v=vkYmnoJl_Qs,yourtalk_speaker_836
yourtalk_video_837,https://www.youtube.com/watch?v=LX4Wmbz_suY,yourtalk_speaker_837
yourtalk_video_838,https://www.youtube.com/watch?v=v5hO6em3TDE,yourtalk_speaker_838
yourtalk_video_839,https://www.youtube.com/watch?v=-sIKm8hBScA,yourtalk_speaker_839
yourtalk_video_840,https://www.youtube.com/watch?v=_-MVyMv_amE,yourtalk_speaker_840
yourtalk_video_841,https://www.youtube.com/watch?v=2ikHf_o-JAE,yourtalk_speaker_841
yourtalk_video_842,https://www.youtube.com/watch?v=6KW8GQ14mVQ,yourtalk_speaker_842
yourtalk_video_843,https://www.youtube.com/watch?v=1fUJmLbFoLI,yourtalk_speaker_843
yourtalk_video_844,https://www.youtube.com/watch?v=vgpB04QKkO4,yourtalk_speaker_844
yourtalk_video_845,https://www.youtube.com/watch?v=Sj44BhVw2cg,yourtalk_speaker_845
yourtalk_video_846,https://www.youtube.com/watch?v=-fUxusFX000,yourtalk_speaker_846
yourtalk_video_847,https://www.youtube.com/watch?v=cz2EpTNKJFQ,yourtalk_speaker_847
yourtalk_video_848,https://www.youtube.com/watch?v=54CAZb-5CCo,yourtalk_speaker_848
yourtalk_video_849,https://www.youtube.com/watch?v=eA183rX575I,yourtalk_speaker_849
yourtalk_video_850,https://www.youtube.com/watch?v=NnPDrQyn5iU,yourtalk_speaker_850
yourtalk_video_851,https://www.youtube.com/watch?v=BsHoj1-ggzc,yourtalk_speaker_851
yourtalk_video_852,https://www.youtube.com/watch?v=r3gIiT3j_74,yourtalk_speaker_852
yourtalk_video_853,https://www.youtube.com/watch?v=Iz9EwhzFBe8,yourtalk_speaker_853
yourtalk_video_854,https://www.youtube.com/watch?v=gZofkikueog,yourtalk_speaker_854
yourtalk_video_855,https://www.youtube.com/watch?v=a43gZt9kAYw,yourtalk_speaker_855
yourtalk_video_856,https://www.youtube.com/watch?v=7OUOlzx3sCQ,yourtalk_speaker_856
yourtalk_video_857,https://www.youtube.com/watch?v=iUZqZql8j6M,yourtalk_speaker_857
yourtalk_video_858,https://www.youtube.com/watch?v=gkx-h5_7xXY,yourtalk_speaker_858
yourtalk_video_859,https://www.youtube.com/watch?v=kGtv9ozrauc,yourtalk_speaker_859
yourtalk_video_860,https://www.youtube.com/watch?v=PfsPsW5jUhA,yourtalk_speaker_860
yourtalk_video_861,https://www.youtube.com/watch?v=rzQLBrpOy0c,yourtalk_speaker_861
yourtalk_video_862,https://www.youtube.com/watch?v=u1SsMK5MKMk,yourtalk_speaker_862
yourtalk_video_863,https://www.youtube.com/watch?v=NY6inFiiuVc,yourtalk_speaker_863
yourtalk_video_864,https://www.youtube.com/watch?v=CB0z3F47Gxk,yourtalk_speaker_864
yourtalk_video_865,https://www.youtube.com/watch?v=HCS637sdQgU,yourtalk_speaker_865
yourtalk_video_866,https://www.youtube.com/watch?v=GltVl4jqAIM,yourtalk_speaker_866
yourtalk_video_867,https://www.youtube.com/watch?v=3z81X0YeZqA,yourtalk_speaker_867
yourtalk_video_868,https://www.youtube.com/watch?v=g6V9Jbkzdgs,yourtalk_speaker_868
yourtalk_video_869,https://www.youtube.com/watch?v=bXWO2-g_VIQ,yourtalk_speaker_869
yourtalk_video_870,https://www.youtube.com/watch?v=xiLeRJEhlRM,yourtalk_speaker_870
yourtalk_video_871,https://www.youtube.com/watch?v=fK_gtRm6Iiw,yourtalk_speaker_871
yourtalk_video_872,https://www.youtube.com/watch?v=TPPtUplN_Bk,yourtalk_speaker_872
yourtalk_video_873,https://www.youtube.com/watch?v=gBR5GU8-52M,yourtalk_speaker_873
yourtalk_video_874,https://www.youtube.com/watch?v=bROA5VF8tLQ,yourtalk_speaker_874
yourtalk_video_875,https://www.youtube.com/watch?v=3cmIMfvsEIQ,yourtalk_speaker_875
yourtalk_video_876,https://www.youtube.com/watch?v=jk9TGUtm1ps,yourtalk_speaker_876
yourtalk_video_877,https://www.youtube.com/watch?v=hPDV3fGGBFs,yourtalk_speaker_877
yourtalk_video_878,https://www.youtube.com/watch?v=sbNlUBlsHn0,yourtalk_speaker_878
yourtalk_video_879,https://www.youtube.com/watch?v=BPh3mnz6giY,yourtalk_speaker_879
yourtalk_video_880,https://www.youtube.com/watch?v=Ac11BwcQiCI,yourtalk_speaker_880
yourtalk_video_881,https://www.youtube.com/watch?v=5zhpaBlgzXU,yourtalk_speaker_881
yourtalk_video_882,https://www.youtube.com/watch?v=qm4AzFklFEQ,yourtalk_speaker_882
